region,address,actual area(ft.),built area(ft.),actual price(HKD/ft.),built price(HKD/ft.),price per actual area,area ratio(ft.),sold price(HKD),prediction price(HKD)
彩虹,峻弦,497.0,642.0,38.0,30.0,38.23,1.29,19000,17572.7
荃灣西,爵悅庭,372.0,498.0,44.0,33.0,43.82,1.34,16300,15712.02
灣仔,嘉薈軒,591.0,814.0,51.0,37.0,50.76,1.38,30000,26268.9
青衣,海欣花園,471.0,630.0,33.0,25.0,32.91,1.34,15500,15840.79
銅鑼灣,海威大廈,932.0,1200.0,34.0,27.0,34.33,1.29,32000,29007.88
沙田,偉華中心,358.0,483.0,47.0,35.0,47.49,1.35,17000,15972.18
上環,帝后華庭,322.0,468.0,53.0,36.0,52.8,1.45,17000,16601.52
九龍灣,德福花園,538.0,603.0,34.0,31.0,34.39,1.12,18500,17433.56
堅尼地城,雅福台,344.0,564.0,50.0,31.0,50.29,1.64,17300,16624.95
寶琳,新都城,363.0,516.0,46.0,32.0,45.45,1.42,16500,15960.68
長沙灣,仁禮大廈,202.0,284.0,49.0,35.0,49.01,1.41,9900,12469.84
屯門新墟,偉景花園,519.0,649.0,26.0,21.0,26.2,1.25,13600,13135.88
北角,寶馬花園,470.0,677.0,40.0,28.0,40.0,1.44,18800,17612.1
海逸,海逸豪園,1102.0,1472.0,39.0,29.0,39.02,1.34,43000,37881.48
元朗市中心,好旺洋樓,271.0,413.0,30.0,20.0,30.26,1.52,8200,9127.81
又一村,又一居,737.0,915.0,42.0,34.0,42.06,1.24,31000,27029.21
盈暉,盈暉臺,441.0,620.0,41.0,29.0,40.82,1.41,18000,16888.0
屯門北,翠林花園,330.0,430.0,33.0,26.0,33.33,1.3,11000,9153.1
九龍灣,淘大花園,390.0,462.0,40.0,34.0,39.74,1.18,15500,15112.4
大埔市中心,新興花園,424.0,490.0,25.0,21.0,24.76,1.16,10500,9260.3
調景嶺,都會駅,894.0,1197.0,34.0,25.0,33.56,1.34,30000,27422.36
奧運站,維港灣,457.0,609.0,48.0,36.0,47.7,1.33,21800,20017.14
灣仔,聯發大廈,321.0,444.0,48.0,35.0,48.29,1.38,15500,15138.05
元朗站,Yoho Town,461.0,595.0,32.0,25.0,32.1,1.29,14800,13717.32
西半山,富景花園,597.0,703.0,45.0,38.0,45.23,1.18,27000,24165.08
玉桂山灣畔,深灣軒,515.0,664.0,44.0,34.0,44.27,1.29,22800,20526.65
東涌市中心,東堤灣畔,590.0,803.0,30.0,22.0,29.66,1.36,17500,17206.82
太古城,太古城,582.0,675.0,39.0,34.0,38.66,1.16,22500,20769.85
調景嶺,都會駅,503.0,674.0,37.0,28.0,37.38,1.34,18800,17935.35
屯門南,恆福花園,624.0,776.0,26.0,21.0,26.44,1.24,16500,16236.85
荃灣西,爵悅庭,474.0,648.0,36.0,26.0,35.86,1.37,17000,16840.48
荃景圍,荃景花園,381.0,481.0,34.0,27.0,34.12,1.26,13000,12072.21
青衣,青泰苑,554.0,712.0,32.0,25.0,32.13,1.29,17800,17737.37
柴灣,永利中心,260.0,368.0,40.0,29.0,40.38,1.42,10500,10446.2
九龍站,擎天半島,809.0,1076.0,43.0,33.0,43.26,1.33,35000,31048.03
上水,上水中心,342.0,460.0,32.0,24.0,32.16,1.35,11000,9358.7
大圍,景田苑,431.0,520.0,32.0,27.0,32.48,1.21,14000,12291.48
寶琳,新都城,420.0,584.0,39.0,28.0,39.29,1.39,16500,15748.77
康城,峻瀅,738.0,970.0,26.0,20.0,26.26,1.31,19380,18282.78
太古城,太古城,582.0,675.0,43.0,37.0,42.96,1.16,25000,22595.55
奧運站,海桃灣,502.0,681.0,42.0,31.0,41.83,1.36,21000,19261.15
跑馬地,比華利山,1057.0,1357.0,44.0,35.0,44.47,1.28,47000,41921.37
奧運站,凱帆軒,464.0,625.0,42.0,31.0,42.03,1.35,19500,17886.27
海怡,海怡半島,527.0,641.0,35.0,29.0,34.54,1.22,18200,17235.74
天水圍,嘉湖山莊,630.0,811.0,23.0,18.0,23.33,1.29,14700,14714.03
沙田第一城,沙田第一城,478.0,605.0,38.0,30.0,37.66,1.27,18000,16917.42
鑽石山,星河明居,593.0,751.0,40.0,32.0,40.47,1.27,24000,22037.4
天水圍,嘉湖山莊,633.0,814.0,24.0,18.0,23.7,1.29,15000,15057.2
何文田,俊慧園,1905.0,2110.0,35.0,31.0,34.65,1.11,66000,63051.9
北角,和富中心,847.0,944.0,38.0,34.0,38.37,1.11,32500,28099.24
跑馬地,樂翠台,1147.0,1340.0,47.0,40.0,46.64,1.17,53500,48200.22
康怡,康山花園,431.0,521.0,43.0,36.0,43.16,1.21,18600,16896.01
粉嶺,維也納花園,478.0,637.0,24.0,18.0,24.06,1.33,11500,11462.89
火炭,御龍山,555.0,717.0,40.0,31.0,40.0,1.29,22200,20399.67
荃灣半山,朗逸峰,1062.0,1388.0,32.0,24.0,31.83,1.31,33800,30142.83
藍田,麗港城,748.0,939.0,34.0,27.0,33.42,1.26,25000,22944.29
東涌市中心,映灣園,548.0,729.0,33.0,25.0,32.85,1.33,18000,17408.93
奧運站,浪澄灣,550.0,744.0,44.0,32.0,43.64,1.35,24000,21786.74
愉景新城,愉景新城,600.0,748.0,33.0,27.0,33.33,1.25,20000,18413.19
銅鑼灣,置安大廈,555.0,630.0,39.0,34.0,38.74,1.14,21500,20236.3
康城,日出康城,713.0,958.0,29.0,21.0,28.05,1.34,20000,19070.78
屯門北,寶怡花園,421.0,518.0,28.0,23.0,28.03,1.23,11800,10139.84
深井,碧堤半島,517.0,690.0,30.0,22.0,29.98,1.33,15500,15217.18
東涌市中心,藍天海岸,539.0,708.0,39.0,30.0,38.96,1.31,21000,19455.44
四小龍,宇晴軒,501.0,684.0,40.0,29.0,39.52,1.37,19800,18246.48
掃管笏,香港黃金海岸,680.0,895.0,24.0,18.0,24.26,1.32,16500,16061.03
黃埔,黃埔新邨,323.0,450.0,43.0,31.0,42.72,1.39,13800,14459.21
牛頭角,安基苑,434.0,535.0,35.0,29.0,35.25,1.23,15300,14959.4
西半山,寶翠園,755.0,957.0,49.0,39.0,49.01,1.27,37000,32519.39
石塘咀,維壹,662.0,895.0,62.0,46.0,61.93,1.35,41000,36589.11
沙田,沙田中心,288.0,357.0,51.0,41.0,51.39,1.24,14800,14772.24
西半山,雍景臺,1117.0,1353.0,39.0,33.0,39.37,1.21,43980,39487.87
屯門市中心,萬成大廈,464.0,630.0,24.0,17.0,23.71,1.36,11000,11253.31
黃大仙,現崇山,567.0,736.0,41.0,31.0,40.56,1.3,23000,21613.7
康怡,康怡花園,594.0,752.0,38.0,30.0,38.38,1.27,22800,20803.02
北角,港運城,775.0,974.0,41.0,33.0,41.29,1.26,32000,27997.72
青衣,灝景灣,853.0,1054.0,35.0,28.0,34.58,1.24,29500,27199.17
寶琳,新都城,659.0,926.0,35.0,25.0,34.9,1.41,23000,21226.75
奧運站,帝峰．皇殿,561.0,736.0,49.0,37.0,49.02,1.31,27500,24418.53
元朗市中心,朗庭園,396.0,531.0,33.0,24.0,32.83,1.34,13000,11020.44
坑口,清水灣半島,531.0,701.0,32.0,24.0,31.64,1.32,16800,16198.95
奧運站,凱帆軒,447.0,606.0,43.0,31.0,42.51,1.36,19000,17525.23
沙田第一城,沙田第一城,284.0,395.0,46.0,33.0,46.06,1.39,13080,13495.44
薄扶林,碧瑤灣,976.0,1135.0,35.0,30.0,34.63,1.16,33800,30645.68
九龍站,君臨天下,1056.0,1388.0,50.0,38.0,50.19,1.31,53000,46595.67
何文田,鐘山閣,828.0,1150.0,36.0,26.0,36.23,1.39,30000,26651.81
九龍灣,德福花園,532.0,596.0,33.0,29.0,32.89,1.12,17500,16682.34
康怡,康怡花園,490.0,620.0,43.0,34.0,42.86,1.27,21000,19244.02
青衣,盈翠半島,675.0,849.0,34.0,27.0,34.07,1.26,23000,21450.61
天水圍,栢慧豪園,498.0,656.0,27.0,21.0,27.11,1.32,13500,12778.45
貝沙灣,貝沙灣,1201.0,1475.0,45.0,36.0,44.55,1.23,53500,48008.84
馬灣,珀麗灣,532.0,678.0,31.0,24.0,30.64,1.27,16300,16728.32
調景嶺,維景灣畔,399.0,530.0,40.0,30.0,40.1,1.33,16000,15805.58
九龍站,擎天半島,625.0,848.0,51.0,38.0,51.2,1.36,32000,28384.12
北角,曉峰,766.0,1025.0,42.0,31.0,41.78,1.34,32000,28064.24
藍田,麗港城,687.0,863.0,32.0,26.0,32.46,1.26,22300,20850.81
將軍澳,將軍澳中心,684.0,908.0,34.0,26.0,33.63,1.33,23000,21290.94
愉景新城,愉景新城,582.0,723.0,34.0,27.0,34.02,1.24,19800,18186.51
康城,日出康城,730.0,961.0,27.0,21.0,27.12,1.32,19800,18684.77
天水圍,嘉湖山莊,547.0,709.0,24.0,18.0,23.77,1.3,13000,12860.67
海怡,海怡半島,516.0,667.0,37.0,28.0,36.82,1.29,19000,17509.8
凹頭,尚悅,442.0,607.0,29.0,21.0,29.41,1.37,13000,11904.4
奧運站,柏景灣,466.0,645.0,48.0,35.0,48.28,1.38,22500,20542.99
沙田,新城市廣場,1018.0,1018.0,35.0,35.0,34.38,1.0,35000,31635.08
馬鞍山,翠擁華庭,521.0,678.0,34.0,26.0,33.59,1.3,17500,17378.32
奧運站,浪澄灣,559.0,750.0,41.0,31.0,41.14,1.34,23000,21059.23
奧運站,帝峰．皇殿,301.0,376.0,53.0,43.0,53.16,1.25,16000,15736.22
堅尼地城,加多近山,410.0,530.0,65.0,51.0,65.37,1.29,26800,24729.02
土瓜灣,金都豪苑,432.0,589.0,44.0,32.0,43.98,1.36,19000,17555.38
藍田,麗港城,517.0,644.0,35.0,28.0,34.82,1.25,18000,17505.97
西營盤,縉城峰,559.0,755.0,62.0,46.0,61.72,1.35,34500,31197.26
海怡,海怡半島,634.0,816.0,39.0,31.0,39.43,1.29,25000,22729.8
愉景灣,愉景灣,545.0,628.0,27.0,23.0,26.61,1.15,14500,14148.66
海逸,海逸豪園,1104.0,1384.0,36.0,29.0,36.23,1.25,40000,35365.74
大埔市中心,大埔中心,325.0,432.0,38.0,29.0,38.46,1.33,12500,11152.76
屯門碼頭,啟豐園,372.0,535.0,30.0,21.0,29.57,1.44,11000,10107.14
康城,日出康城,840.0,1115.0,31.0,23.0,30.95,1.33,26000,22854.56
九龍站,君臨天下,743.0,1039.0,51.0,37.0,51.14,1.4,38000,33949.08
上環,聚賢居,400.0,540.0,70.0,52.0,70.0,1.35,28000,25937.84
西半山,蔚庭軒,573.0,778.0,49.0,36.0,48.87,1.36,28000,25188.49
東涌市中心,映灣園,495.0,680.0,36.0,26.0,36.36,1.37,18000,17021.76
九龍站,擎天半島,748.0,998.0,48.0,36.0,48.13,1.33,36000,31878.55
沙田第一城,沙田第一城,284.0,395.0,44.0,32.0,44.37,1.39,12600,12887.16
田灣,益添大廈,332.0,447.0,38.0,28.0,37.65,1.35,12500,11802.82
屯門市中心,時代廣場,272.0,364.0,37.0,27.0,36.76,1.34,10000,9227.38
鴨脷洲,漁安苑,469.0,575.0,33.0,27.0,33.05,1.23,15500,15731.3
西半山,樂信臺,823.0,967.0,45.0,38.0,44.96,1.17,37000,32684.53
綠楊,綠楊新邨,582.0,667.0,36.0,31.0,36.08,1.15,21000,19371.33
荃灣半山,朗逸峰,1008.0,1313.0,31.0,24.0,30.75,1.3,31000,27976.59
田灣,南景花園,403.0,592.0,35.0,24.0,34.74,1.47,14000,13605.42
太和,太湖花園,584.0,805.0,31.0,22.0,30.82,1.38,18000,17268.62
愉景灣,愉景灣,714.0,908.0,35.0,28.0,35.01,1.27,25000,22464.22
東涌市中心,藍天海岸,492.0,648.0,38.0,29.0,38.21,1.32,18800,17370.21
海逸,海逸豪園,1100.0,1392.0,36.0,29.0,36.36,1.27,40000,35380.87
黃埔,半島豪庭,520.0,684.0,46.0,35.0,46.15,1.32,24000,21503.32
海怡,海怡半島,639.0,790.0,40.0,32.0,39.91,1.24,25500,23034.38
荃灣市中心,荃錦中心,354.0,495.0,42.0,30.0,42.37,1.4,15000,14866.95
龍坪,帝景峰,582.0,756.0,39.0,30.0,38.66,1.3,22500,21124.72
馬鞍山,新港城,512.0,683.0,37.0,28.0,36.72,1.33,18800,17962.86
康城,日出康城,732.0,962.0,28.0,21.0,28.01,1.31,20500,19174.37
大角咀,港灣豪庭,432.0,584.0,41.0,30.0,40.51,1.35,17500,16735.71
屯門北,大興花園,475.0,625.0,27.0,20.0,26.32,1.32,12500,12160.95
置樂,彩華花園,420.0,503.0,29.0,24.0,28.57,1.2,12000,10878.12
西營盤,縉城峰,559.0,755.0,63.0,46.0,62.61,1.35,35000,31512.32
屯門市中心,慧景閣,418.0,589.0,30.0,21.0,29.9,1.41,12500,11113.86
東涌市中心,映灣園,634.0,864.0,35.0,26.0,35.49,1.36,22500,20834.12
東涌市中心,映灣園,728.0,986.0,32.0,23.0,31.59,1.35,23000,21093.5
天水圍,嘉湖山莊,546.0,709.0,24.0,19.0,24.36,1.3,13300,12953.16
西半山,柏道2號,864.0,1176.0,47.0,35.0,47.45,1.36,41000,36455.2
太古城,太古城,536.0,635.0,37.0,31.0,37.31,1.18,20000,18140.83
元朗站,新元朗中心,485.0,599.0,28.0,23.0,27.84,1.24,13500,12330.1
馬鞍山,新港城,369.0,498.0,40.0,30.0,40.11,1.35,14800,15145.62
中半山,曉峰閣,646.0,821.0,46.0,37.0,46.44,1.27,30000,26468.84
青龍頭,豪景花園,792.0,1136.0,20.0,14.0,19.95,1.43,15800,17237.95
馬鞍山,嵐岸,814.0,1089.0,27.0,20.0,27.03,1.34,22000,20221.76
屯門市中心,華都花園,404.0,502.0,33.0,27.0,33.42,1.24,13500,11938.34
九龍站,凱旋門,969.0,1338.0,58.0,42.0,57.79,1.38,56000,50551.79
大坑,蓮花園,368.0,535.0,49.0,34.0,48.91,1.45,18000,16985.06
康城,日出康城,654.0,869.0,28.0,21.0,28.29,1.33,18500,17658.91
小瀝源,帝堡城,547.0,718.0,34.0,26.0,34.37,1.31,18800,17550.56
四小龍,昇悅居,510.0,655.0,37.0,29.0,37.25,1.28,19000,17652.8
西半山,Castle One By V,600.0,817.0,62.0,45.0,61.67,1.36,37000,32605.76
屯門市中心,華都花園,404.0,502.0,28.0,23.0,28.47,1.24,11500,10014.81
銅鑼灣,伊利莎伯大廈,614.0,705.0,36.0,31.0,35.83,1.15,22000,20697.53
小欖,青山別墅,1624.0,1757.0,16.0,15.0,16.32,1.08,26500,30399.79
堅尼地城,Imperial Kennedy,525.0,673.0,64.0,50.0,63.81,1.28,33500,29175.9
青衣,盈翠半島,670.0,846.0,36.0,28.0,35.82,1.26,24000,22134.26
屯門市中心,時代廣場,272.0,364.0,38.0,28.0,37.5,1.34,10200,9624.3
貝沙灣,貝沙灣,1366.0,1688.0,47.0,38.0,46.85,1.24,64000,57170.02
青衣,青怡花園,343.0,432.0,40.0,32.0,40.23,1.26,13800,14281.56
鰂魚涌,華信花園,630.0,768.0,33.0,27.0,33.33,1.22,21000,20121.64
粉嶺,蔚翠花園,716.0,842.0,23.0,20.0,23.46,1.18,16800,16849.57
馬鞍山,聽濤雅苑,1025.0,1271.0,33.0,27.0,33.17,1.24,34000,31090.63
西灣河,鯉景灣,485.0,571.0,44.0,37.0,43.3,1.18,21000,19239.77
青衣,盈翠半島,523.0,658.0,36.0,29.0,36.33,1.26,19000,18041.86
九龍站,擎天半島,772.0,1037.0,48.0,36.0,47.93,1.34,37000,32952.74
奧運站,柏景灣,695.0,943.0,50.0,37.0,49.64,1.36,34500,30423.82
西營盤,高樂花園,340.0,450.0,49.0,37.0,48.53,1.32,16500,15878.58
青衣,海欣花園,507.0,674.0,30.0,22.0,29.59,1.33,15000,15484.64
火炭,御龍山,764.0,979.0,43.0,33.0,42.54,1.28,32500,28142.62
寶琳,新都城,441.0,617.0,38.0,27.0,37.41,1.4,16500,16018.7
荃景圍,翠豐臺,435.0,598.0,34.0,24.0,33.56,1.37,14600,14225.22
四小龍,昇悅居,459.0,605.0,42.0,32.0,42.48,1.32,19500,17798.06
西半山,寶翠園,901.0,1164.0,46.0,35.0,45.5,1.29,41000,36541.3
青衣,盈翠半島,523.0,656.0,39.0,31.0,39.2,1.25,20500,19277.54
荃景圍,荃灣中心,380.0,486.0,33.0,26.0,32.89,1.28,12500,11318.88
淺水灣,陽明山莊,1505.0,1900.0,44.0,35.0,43.85,1.26,66000,59675.45
太古城,太古城,702.0,800.0,37.0,33.0,37.04,1.14,26000,23211.96
杏花邨,杏花邨,473.0,577.0,39.0,32.0,39.11,1.22,18500,16940.28
青衣,盈翠半島,520.0,651.0,40.0,32.0,40.0,1.25,20800,19528.2
京士柏,君頤峰,959.0,1266.0,45.0,34.0,44.84,1.32,43000,37667.14
沙田第一城,沙田第一城,327.0,395.0,43.0,36.0,43.43,1.21,14200,14392.39
荃灣市中心,富麗花園,313.0,412.0,42.0,32.0,41.85,1.32,13100,13694.67
長沙灣,One Madison,502.0,695.0,39.0,28.0,38.84,1.38,19500,18348.2
九龍站,天璽,664.0,882.0,59.0,44.0,58.73,1.33,39000,33733.36
愉景灣,愉景灣,451.0,590.0,31.0,23.0,30.6,1.31,13800,12381.08
薄扶林,薄扶林花園,456.0,526.0,42.0,36.0,41.67,1.15,19000,17061.62
深井,碧堤半島,891.0,1177.0,29.0,22.0,29.18,1.32,26000,23289.49
新蒲崗,康強洋樓,384.0,480.0,30.0,24.0,29.95,1.25,11500,9700.17
愉景灣,愉景灣,438.0,590.0,29.0,22.0,29.22,1.35,12800,11602.58
奧運站,君匯港,474.0,617.0,46.0,36.0,46.41,1.3,22000,20139.27
大埔市中心,八號花園,438.0,526.0,27.0,23.0,27.4,1.2,12000,10349.52
跑馬地,禮頓山,1240.0,1618.0,67.0,51.0,66.94,1.3,83000,72910.64
荃灣市中心,名逸居,530.0,703.0,34.0,25.0,33.58,1.33,17800,17317.17
大埔半山,天賦海灣,1005.0,1282.0,30.0,23.0,29.85,1.28,30000,26384.12
青衣,盈翠半島,522.0,654.0,38.0,30.0,37.36,1.25,19500,18557.7
鑽石山,星河明居,517.0,656.0,41.0,32.0,40.62,1.27,21000,19552.96
太古城,太古城,1114.0,1237.0,30.0,27.0,29.62,1.11,33000,29366.7
太古城,太古城,530.0,628.0,43.0,37.0,43.4,1.18,23000,20896.58
跑馬地,名仕花園,499.0,656.0,44.0,34.0,44.09,1.31,22000,19983.53
麗城,翠濤閣,703.0,784.0,24.0,21.0,23.9,1.12,16800,17056.79
粉嶺,粉嶺中心,533.0,690.0,31.0,24.0,30.02,1.29,16000,16380.58
上水,上水名都,448.0,607.0,30.0,22.0,30.13,1.35,13500,12525.96
銅鑼灣,曦巒,427.0,579.0,53.0,39.0,52.93,1.36,22600,20479.02
九龍城,曉薈,253.0,427.0,55.0,33.0,55.34,1.69,14000,14874.28
深井,麗都花園,570.0,683.0,24.0,20.0,24.21,1.2,13800,13318.94
九龍灣,德福花園,539.0,660.0,33.0,27.0,33.02,1.22,17800,16974.13
藍地,豫豐花園,396.0,531.0,28.0,21.0,27.78,1.34,11000,10212.96
東涌市中心,藍天海岸,381.0,500.0,39.0,30.0,39.37,1.31,15000,14378.45
東涌市中心,東堤灣畔,542.0,734.0,33.0,25.0,33.21,1.35,18000,17405.64
奧運站,帝峰．皇殿,758.0,1005.0,45.0,34.0,44.85,1.33,34000,29714.37
荃灣市中心,荃錦中心,375.0,504.0,39.0,29.0,39.47,1.34,14800,14605.16
屯門市中心,康麗花園,480.0,629.0,28.0,22.0,28.33,1.31,13600,12508.31
上環,盈峰一號,401.0,531.0,55.0,41.0,54.86,1.32,22000,20507.94
太古城,太古城,1015.0,1132.0,38.0,34.0,37.44,1.12,38000,33424.88
康怡,康山花園,431.0,521.0,42.0,35.0,41.76,1.21,18000,16610.14
屯門市中心,時代廣場,408.0,512.0,31.0,24.0,30.64,1.25,12500,10808.56
凹頭,蝶翠峰,419.0,573.0,31.0,22.0,30.55,1.37,12800,10991.33
九龍站,凱旋門,841.0,1126.0,59.0,44.0,59.45,1.34,50000,44878.38
西半山,龍騰閣,1024.0,1361.0,47.0,35.0,46.88,1.33,48000,42891.22
青衣,灝景灣,682.0,844.0,39.0,31.0,38.86,1.24,26500,24083.94
大坑,金樂居,159.0,255.0,66.0,41.0,66.04,1.6,10500,13742.7
荃景圍,翠豐臺,424.0,580.0,33.0,24.0,33.25,1.37,14100,13417.69
北角半山,賽西湖大廈,1124.0,1260.0,40.0,36.0,40.04,1.12,45000,39859.08
寶琳,新都城,470.0,644.0,38.0,28.0,37.87,1.37,17800,17007.71
堅尼地城,嘉輝花園,221.0,293.0,61.0,46.0,61.09,1.33,13500,15205.62
凹頭,Residence 譽88,651.0,848.0,29.0,22.0,29.19,1.3,19000,17937.82
深灣,深灣9號,939.0,1166.0,61.0,49.0,60.7,1.24,57000,52336.52
將軍澳,將軍澳廣場,451.0,615.0,39.0,28.0,38.8,1.36,17500,16650.22
青龍頭,豪景花園,828.0,1188.0,18.0,13.0,18.12,1.43,15000,17136.48
大坑半山,高寧大廈,567.0,750.0,39.0,29.0,38.8,1.32,22000,20295.28
太古城,太古城,922.0,1029.0,35.0,32.0,34.71,1.12,32000,28301.36
東涌市中心,海堤灣畔,508.0,687.0,36.0,27.0,36.02,1.35,18300,17268.99
康城,峻瀅,498.0,657.0,30.0,23.0,30.12,1.32,15000,14452.21
元朗站,Yoho Town,940.0,1231.0,29.0,22.0,28.72,1.31,27000,24038.12
新蒲崗,譽．港灣,827.0,1075.0,40.0,31.0,39.9,1.3,33000,29089.89
海逸,海逸豪園,541.0,682.0,39.0,31.0,38.82,1.26,21000,19396.41
鑽石山,龍蟠苑,340.0,462.0,40.0,29.0,39.71,1.36,13500,13748.16
調景嶺,維景灣畔,660.0,897.0,39.0,28.0,38.64,1.36,25500,23098.76
奧運站,瓏璽,1309.0,1640.0,46.0,37.0,45.84,1.25,60000,53666.08
灣仔,尚翹峰,475.0,628.0,53.0,40.0,52.63,1.32,25000,22890.55
將軍澳,將軍澳廣場,417.0,571.0,41.0,30.0,40.77,1.37,17000,16235.79
元朗站,Yoho Town,615.0,803.0,31.0,24.0,30.89,1.31,19000,18062.07
鑽石山,龍蟠苑,353.0,480.0,39.0,29.0,39.09,1.36,13800,14016.14
將軍澳,天晉,536.0,693.0,44.0,34.0,43.84,1.29,23500,21333.45
荃灣西,海灣花園,471.0,600.0,32.0,25.0,31.85,1.27,15000,14928.69
上水,新都廣場,468.0,570.0,30.0,25.0,30.34,1.22,14200,12645.57
小西灣,藍灣半島,596.0,856.0,43.0,30.0,42.79,1.44,25500,23127.6
銅鑼灣,樂聲大廈,343.0,403.0,43.0,37.0,43.15,1.17,14800,15129.72
西半山,慧豪閣,636.0,824.0,49.0,38.0,48.74,1.3,31000,27258.2
將軍澳,天晉,870.0,1123.0,43.0,33.0,42.53,1.29,37000,32305.71
坑口,蔚藍灣畔,651.0,877.0,37.0,27.0,36.87,1.35,24000,21858.3
粉嶺,逸峯,506.0,675.0,30.0,23.0,30.24,1.33,15300,15268.12
將軍澳,將軍澳中心,467.0,620.0,41.0,31.0,40.26,1.33,18800,17582.13
粉嶺,逸峯,509.0,679.0,29.0,22.0,29.08,1.33,14800,14697.93
灣仔,尚翹峰,610.0,808.0,49.0,37.0,49.18,1.32,30000,26070.94
沙田第一城,沙田第一城,304.0,410.0,46.0,34.0,46.05,1.35,14000,14261.35
掃管笏,香港黃金海岸,535.0,702.0,24.0,19.0,24.3,1.31,13000,12688.06
海怡,海怡半島,739.0,931.0,36.0,28.0,35.86,1.26,26500,23533.6
大埔半山,天賦海灣,1699.0,2133.0,28.0,23.0,28.25,1.26,48000,46933.08
坑口,新寶城,436.0,606.0,40.0,29.0,40.14,1.39,17500,16755.64
九龍站,擎天半島,1067.0,1440.0,46.0,34.0,45.92,1.35,49000,43139.08
荃灣市中心,荃豐中心,426.0,578.0,39.0,29.0,39.44,1.36,16800,16241.99
荃灣西,萬景峯,522.0,690.0,41.0,31.0,41.19,1.32,21500,19674.38
粉嶺,牽晴間,386.0,534.0,30.0,22.0,29.79,1.38,11500,10241.27
杏花邨,杏花邨,643.0,760.0,37.0,31.0,37.01,1.18,23800,21687.92
大圍,金獅花園,270.0,418.0,41.0,26.0,40.74,1.55,11000,9740.25
何文田,富都大廈,476.0,577.0,36.0,30.0,35.92,1.21,17100,16424.65
深井,海韻臺,746.0,904.0,26.0,21.0,25.87,1.21,19300,18256.13
康城,日出康城,705.0,945.0,30.0,22.0,29.79,1.34,21000,19684.23
粉嶺,粉嶺中心,535.0,694.0,29.0,22.0,28.97,1.3,15500,15568.1
坑口,安寧花園,465.0,551.0,34.0,29.0,34.41,1.18,16000,15061.98
麗城,麗城花園,728.0,846.0,29.0,25.0,29.26,1.16,21300,20287.29
大圍,名城,680.0,903.0,40.0,30.0,39.71,1.33,27000,23909.22
薄扶林,置富花園,588.0,694.0,34.0,29.0,34.01,1.18,20000,18898.11
北角,形品,564.0,720.0,46.0,36.0,46.1,1.28,26000,23375.16
深灣,金寶花園,358.0,492.0,42.0,30.0,41.9,1.37,15000,14564.84
奧運站,海桃灣,451.0,618.0,42.0,31.0,41.91,1.37,18900,17564.5
調景嶺,都會駅,488.0,659.0,39.0,29.0,38.93,1.35,19000,18036.25
愉景灣,愉景灣,755.0,889.0,21.0,18.0,21.19,1.18,16000,16305.51
淺水灣,陽明山莊,1031.0,1298.0,44.0,35.0,43.65,1.26,45000,40069.72
新蒲崗,譽．港灣,543.0,703.0,40.0,31.0,39.59,1.29,21500,20018.12
荔灣,荔灣花園,426.0,477.0,32.0,28.0,31.69,1.12,13500,13007.13
荃灣西,爵悅庭,722.0,995.0,35.0,26.0,35.32,1.38,25500,22938.28
又一村,又一村花園,805.0,961.0,52.0,44.0,51.93,1.19,41800,36516.58
掃管笏,香港黃金海岸,710.0,935.0,29.0,22.0,29.3,1.32,20800,19309.88
大圍,海福花園,409.0,470.0,43.0,37.0,42.79,1.15,17500,16625.7
火炭,華翠園,882.0,1052.0,32.0,27.0,31.75,1.19,28000,25289.6
寶琳,新都城,364.0,511.0,43.0,30.0,42.58,1.4,15500,14968.26
九龍站,漾日居,1136.0,1480.0,40.0,30.0,39.61,1.3,45000,40087.35
沙田,偉華中心,358.0,483.0,49.0,36.0,48.88,1.35,17500,16299.18
屯門碼頭,慧豐園,646.0,865.0,25.0,18.0,24.77,1.34,16000,16110.06
太古城,太古城,760.0,876.0,39.0,34.0,39.47,1.15,30000,25991.18
沙田,沙田廣場,612.0,774.0,38.0,30.0,37.58,1.26,23000,21334.35
灣仔,星域軒,898.0,1130.0,65.0,51.0,64.59,1.26,58000,52325.86
將軍澳,將軍澳廣場,428.0,587.0,40.0,29.0,40.42,1.37,17300,16334.84
北角,和富中心,733.0,846.0,38.0,33.0,37.52,1.15,27500,24475.28
洪水橋北新發展,尚城,530.0,697.0,25.0,19.0,24.53,1.32,13000,13097.52
上水,上水中心,342.0,463.0,34.0,25.0,33.63,1.35,11500,9529.25
黃埔,黃埔花園,708.0,800.0,37.0,33.0,36.72,1.13,26000,24493.54
火炭,御龍山,773.0,992.0,39.0,30.0,38.81,1.28,30000,26230.95
洪水橋北新發展,錦珊園,651.0,738.0,21.0,18.0,20.74,1.13,13500,13305.2
東涌市中心,映灣園,928.0,1228.0,31.0,24.0,31.25,1.32,29000,25777.42
大埔半山,天賦海灣,1212.0,1581.0,32.0,25.0,32.18,1.3,39000,35542.98
將軍澳,天晉,826.0,1055.0,44.0,34.0,43.58,1.28,36000,31344.12
西灣河,港島．東18,356.0,494.0,47.0,34.0,47.19,1.39,16800,15989.1
奧運站,君匯港,478.0,621.0,44.0,34.0,43.93,1.3,21000,19227.43
西灣河,嘉亨灣,1129.0,1532.0,49.0,36.0,48.72,1.36,55000,48886.62
東涌市中心,映灣園,563.0,749.0,32.0,24.0,31.97,1.33,18000,17427.22
荃灣海濱,海濱花園,577.0,696.0,32.0,26.0,31.72,1.21,18300,17736.57
馬鞍山,銀湖．天峰,541.0,711.0,33.0,25.0,33.27,1.31,18000,17706.04
大埔半山,天賦海灣,1105.0,1430.0,28.0,22.0,27.87,1.29,30800,27670.57
大坑半山,大坑台,511.0,595.0,46.0,39.0,45.99,1.16,23500,21449.0
將軍澳,天晉,538.0,697.0,43.0,33.0,42.38,1.3,22800,20881.23
粉嶺,碧湖花園,400.0,518.0,30.0,23.0,30.0,1.3,12000,10718.45
東涌市中心,映灣園,970.0,1274.0,29.0,22.0,28.35,1.31,27500,25046.8
九龍站,擎天半島,1249.0,1657.0,54.0,41.0,54.44,1.33,68000,59769.09
九龍塘,翠麗苑,626.0,769.0,42.0,34.0,41.53,1.23,26000,23493.52
青龍頭,豪景花園,1381.0,1893.0,21.0,16.0,21.0,1.37,29000,30355.3
西營盤,縉城峰,374.0,496.0,64.0,48.0,64.17,1.33,24000,22496.41
荃灣市中心,東亞花園,460.0,620.0,34.0,25.0,33.7,1.35,15500,15471.74
香港仔,香港仔中心,485.0,578.0,31.0,26.0,30.93,1.19,15000,15098.98
大角咀,港灣豪庭,413.0,584.0,43.0,30.0,42.37,1.41,17500,16711.24
調景嶺,都會駅,594.0,809.0,40.0,30.0,40.4,1.36,24000,22182.35
北角,光超台,434.0,566.0,37.0,28.0,36.87,1.3,16000,15062.46
奧運站,瓏璽,667.0,857.0,50.0,39.0,50.22,1.28,33500,29346.65
奧運站,凱帆軒,465.0,621.0,39.0,29.0,38.71,1.34,18000,17010.76
玉桂山灣畔,深灣軒,480.0,628.0,41.0,31.0,40.62,1.31,19500,17887.02
天后,海新大廈,326.0,477.0,44.0,30.0,44.48,1.46,14500,14148.06
玉桂山灣畔,深灣軒,483.0,643.0,40.0,30.0,40.37,1.33,19500,17832.1
西半山,羅便臣道80號,618.0,813.0,55.0,42.0,55.02,1.32,34000,30430.92
盈暉,盈暉臺,452.0,626.0,41.0,30.0,40.93,1.38,18500,17204.51
油柑頭,恒麗園,634.0,910.0,30.0,21.0,29.65,1.44,18800,18182.1
大角咀,港灣豪庭,326.0,477.0,49.0,34.0,49.08,1.46,16000,15763.8
元朗市中心,雍翠豪園,488.0,669.0,27.0,19.0,26.64,1.37,13000,12540.25
薄扶林,美景臺,1963.0,2194.0,36.0,32.0,35.66,1.12,70000,66960.22
馬灣,珀麗灣,476.0,622.0,34.0,26.0,33.19,1.31,15800,16287.42
馬鞍山,錦英苑,401.0,514.0,30.0,23.0,29.93,1.28,12000,10777.54
屯門北,大興花園,447.0,583.0,27.0,21.0,26.85,1.3,12000,11042.5
大圍,名城,784.0,1030.0,38.0,29.0,37.63,1.31,29500,25816.37
石塘咀,曉山閣,299.0,421.0,54.0,38.0,53.51,1.41,16000,15505.91
火炭,銀禧花園,498.0,623.0,34.0,27.0,33.73,1.25,16800,16580.74
青龍頭,豪景花園,792.0,1136.0,20.0,14.0,19.95,1.43,15800,17237.95
元朗市中心,御景園,484.0,620.0,27.0,21.0,26.86,1.28,13000,12477.89
上環,寶泰大廈,435.0,632.0,40.0,28.0,40.23,1.45,17500,16663.38
沙田第一城,沙田第一城,326.0,395.0,41.0,34.0,41.41,1.21,13500,13645.42
大角咀,港灣豪庭,344.0,504.0,48.0,33.0,47.97,1.47,16500,16012.15
大角咀,港灣豪庭,436.0,595.0,39.0,29.0,38.99,1.36,17000,16364.52
青衣,盈翠半島,677.0,852.0,39.0,31.0,39.14,1.26,26500,24099.81
元朗站,Yoho Town,534.0,687.0,32.0,25.0,31.84,1.29,17000,16352.18
屯門碼頭,美樂花園,589.0,677.0,23.0,20.0,22.92,1.15,13500,12893.09
青衣,盈翠半島,756.0,951.0,37.0,29.0,36.77,1.26,27800,25042.66
灣仔,樂居樓,368.0,550.0,41.0,28.0,41.3,1.49,15200,14886.01
屯門南,恆福花園,437.0,554.0,24.0,19.0,23.57,1.27,10300,10086.54
愉景新城,愉景新城,650.0,805.0,32.0,26.0,32.31,1.24,21000,19298.88
又一村,又一居,439.0,547.0,55.0,44.0,54.67,1.25,24000,22369.31
西半山,樂信臺,746.0,890.0,42.0,35.0,41.55,1.19,31000,27601.06
青衣,青泰苑,401.0,516.0,36.0,28.0,36.16,1.29,14500,14482.53
屯門北,大興花園,447.0,583.0,27.0,21.0,26.85,1.3,12000,11042.5
元朗市中心,好旺洋樓,271.0,413.0,34.0,22.0,33.95,1.52,9200,8350.55
貝沙灣,貝沙灣,1376.0,1690.0,43.0,35.0,42.88,1.23,59000,53376.4
淺水灣,陽明山莊,1031.0,1298.0,44.0,35.0,43.65,1.26,45000,40069.72
荔景,翠瑤苑,466.0,547.0,27.0,23.0,26.82,1.17,12500,11389.47
沙田第一城,沙田第一城,327.0,395.0,43.0,36.0,43.43,1.21,14200,14392.39
大坑半山,渣甸豪庭,767.0,1206.0,43.0,27.0,42.76,1.57,32800,29385.8
京士柏,爵士花園,1059.0,1323.0,37.0,30.0,37.3,1.25,39500,34958.24
東涌市中心,映灣園,912.0,1220.0,30.0,23.0,30.15,1.34,27500,24628.64
青衣,海欣花園,451.0,606.0,36.0,27.0,36.14,1.34,16300,16429.36
大埔墟,新峰花園,736.0,922.0,29.0,23.0,28.53,1.25,21000,19637.75
東涌市中心,東堤灣畔,536.0,734.0,35.0,26.0,35.45,1.37,19000,17744.26
康城,日出康城,680.0,909.0,29.0,22.0,29.41,1.34,20000,18637.54
天水圍,嘉湖山莊,442.0,576.0,26.0,20.0,26.24,1.3,11600,10952.09
坑口,東港城,619.0,790.0,37.0,29.0,37.16,1.28,23000,21048.2
上水,上水中心,351.0,468.0,34.0,26.0,34.19,1.33,12000,10155.12
凹頭,朗怡居,552.0,697.0,25.0,20.0,25.36,1.26,14000,13241.4
鰂魚涌,南豐新邨,391.0,474.0,40.0,33.0,40.41,1.21,15800,15612.81
將軍澳,天晉,873.0,1128.0,45.0,35.0,44.67,1.29,39000,34439.93
凹頭,蝶翠峰,525.0,697.0,29.0,22.0,28.57,1.33,15000,14525.56
將軍澳,將軍澳中心,467.0,620.0,37.0,28.0,37.47,1.33,17500,16627.96
長沙灣,One Madison,249.0,345.0,55.0,40.0,55.02,1.39,13700,14639.99
天水圍,嘉湖山莊,629.0,825.0,24.0,18.0,23.53,1.31,14800,15045.47
太古城,太古城,747.0,843.0,44.0,39.0,44.18,1.13,33000,28433.66
海怡,海怡半島,871.0,1078.0,39.0,31.0,38.81,1.24,33800,29486.66
九龍站,君臨天下,1062.0,1443.0,55.0,40.0,54.61,1.36,58000,51599.2
大圍,名城,757.0,1000.0,41.0,31.0,40.95,1.32,31000,26888.22
奧運站,瓏璽,666.0,856.0,54.0,42.0,54.05,1.29,36000,31748.94
東涌市中心,東堤灣畔,868.0,1154.0,29.0,22.0,29.38,1.33,25500,22624.88
堅尼地城,嘉輝花園,282.0,377.0,51.0,38.0,51.42,1.34,14500,14966.79
元朗站,Yoho Town,411.0,550.0,36.0,27.0,36.5,1.34,15000,13710.96
屯門碼頭,邁亞美海灣,450.0,580.0,28.0,22.0,28.22,1.29,12700,11283.55
