id,date,region,address,location,floor,room,sold_price(HKD),actual_area(ft.),built_area(ft.),actual_price(HKD/ft.),built_price(HKD/ft.),source
01c6bc3783b99f8433deaa380c3c9a0a,12/11/2024,東涌市中心,東堤灣畔,1座,middle,G,19000,536.0,734.0,35.0,26.0,中原網頁
fe78369e8269cc1a8c2bb40cc28a1b92,12/11/2024,東涌市中心,藍天海岸,1座,low,C,21000,539.0,708.0,39.0,30.0,利嘉閣網頁
43bfb799c620502b78030bb7574398c8,12/11/2024,太古城,太古城,燕宮閣(20座),middle,H,33000,747.0,843.0,44.0,39.0,中原網頁
0acc769df052f46c0200bf8af4d89da1,12/11/2024,將軍澳,天晉,8座,middle,B,37000,870.0,1123.0,43.0,33.0,中原網頁
1f52a0041b1d0bfe61d665ec12033792,12/11/2024,太古城,太古城,寧安閣(27座),middle,G,23000,530.0,628.0,43.0,37.0,中原網頁
a1572b7101667f30ba44b0ac1bf952d7,12/11/2024,新蒲崗,譽．港灣,1B座,low,C,21500,543.0,703.0,40.0,31.0,中原網頁
b6b48b1f43875932829c68d5a0609e44,12/11/2024,大埔半山,天賦海灣,15座,middle,A,30800,1105.0,1430.0,28.0,22.0,中原網頁
5062c863d978222f48acc74e1e41d4ac,12/11/2024,奧運站,君匯港,6座,middle,E,21000,478.0,621.0,44.0,34.0,中原網頁
9180adc947a9492835330ebc1b711764,12/11/2024,馬鞍山,錦英苑,錦悅閣(G座),middle,1,12000,401.0,514.0,30.0,23.0,中原網頁
0ee621c55caecd56012e6b5a63afd079,12/11/2024,荃灣市中心,荃豐中心,荃豐中心,middle,D,16800,426.0,578.0,39.0,29.0,中原網頁
ecb993018a494f5ba34e9bcdde795439,12/11/2024,沙田,偉華中心,4座,middle,F,17500,358.0,483.0,49.0,36.0,中原網頁
56d6278d1a5bac75fbadff207a596c32,12/11/2024,青衣,盈翠半島,9座,middle,C,26500,677.0,852.0,39.0,31.0,中原網頁
29a66846ce17fe37304c68ddeacd90bb,12/11/2024,奧運站,浪澄灣,6座,middle,A,24000,550.0,744.0,44.0,32.0,中原網頁
ffaa87b2f63c855eeca7fb604a6e54c6,11/11/2024,彩虹,峻弦,2座,middle,D,19000,497.0,642.0,38.0,30.0,中原網頁
993588b659c7971b5b487a1a4cc61804,11/11/2024,置樂,彩華花園,B座,low,1,12000,420.0,503.0,29.0,24.0,中原網頁
513b9939ceac478a23de7ef8b5033edf,11/11/2024,銅鑼灣,曦巒,曦巒,middle,H,22600,427.0,579.0,53.0,39.0,中原網頁
891d661e9545e194563bf7f63cec467f,11/11/2024,東涌市中心,映灣園,海雲天(12座),middle,H,29000,928.0,1228.0,31.0,24.0,利嘉閣網頁
aefb7c55b6f71007108c6accaa565653,11/11/2024,太古城,太古城,耀星閣(50座),middle,G,25000,582.0,675.0,43.0,37.0,中原網頁
a6efcac9712440fbbf360d43040842d8,11/11/2024,將軍澳,天晉,8座,low,B,36500,870.0,1123.0,42.0,33.0,利嘉閣網頁
dd942c24bc2bf9187b525e783953aa11,11/11/2024,粉嶺,粉嶺中心,G座,low,2,15500,535.0,694.0,29.0,22.0,中原網頁
c81e301232824d2067c6428c6803ae8d,11/11/2024,大坑半山,大坑台,B座,middle,11,23500,511.0,595.0,46.0,39.0,中原網頁
e01246dafff5243c9ac8c8714f3d503e,11/11/2024,玉桂山灣畔,深灣軒,3座,middle,E,22800,515.0,664.0,44.0,34.0,中原網頁
c7544df4241cede382fd5f3898c36ae2,11/11/2024,大圍,名城,1座,middle,ND,31000,757.0,1000.0,41.0,31.0,中原網頁
557199c3d7bf1d8099495db3602eb39b,11/11/2024,青衣,海欣花園,3座,middle,H,15000,507.0,674.0,30.0,22.0,中原網頁
09191f0e87fdf4639ae89b016fbd5b82,11/11/2024,深井,海韻臺,海韻臺,low,D,19300,746.0,904.0,26.0,21.0,利嘉閣網頁
190a820d95bb0c68331cd7fe92f8e001,11/11/2024,天水圍,嘉湖山莊,8座,middle,H,13000,547.0,709.0,24.0,18.0,中原網頁
912bc8a5f8cd4afc0ff27192bb9a0fdf,11/11/2024,沙田第一城,沙田第一城,37座,middle,G,14000,304.0,410.0,46.0,34.0,中原網頁
739b36a6adcc457da3496936e4bb5446,11/11/2024,寶琳,新都城,5座,low,D,23000,659.0,926.0,35.0,25.0,中原網頁
eb7ef1b8431eb4898835a08b8fe331f2,11/11/2024,黃大仙,現崇山,3A座,low,D,23000,567.0,736.0,41.0,31.0,利嘉閣網頁
91f68d9211c11145cd15093b607c5cf7,11/11/2024,調景嶺,維景灣畔,3座,low,C,16000,399.0,530.0,40.0,30.0,中原網頁
6c075c3a3cc0adeb2df107edc41f6363,11/11/2024,荃景圍,翠豐臺,3座,middle,B,14100,424.0,580.0,33.0,24.0,中原網頁
dc7b6d8cc9c0c543b1af82c909993659,11/11/2024,柴灣,永利中心,C座,middle,1,10500,260.0,368.0,40.0,29.0,中原網頁
6475805c4d53fd827ecb01f9af2a677f,10/11/2024,將軍澳,將軍澳中心,12座,middle,A,18800,467.0,620.0,41.0,31.0,美聯網頁
deee1d6069196a14bd38f33d917ecbe5,10/11/2024,太古城,太古城,明宮閣,middle,B,22500,582.0,675.0,39.0,34.0,美聯網頁
defb016c1ac49f32f35f5edf8da51120,10/11/2024,九龍城,曉薈,曉薈,low,B,14000,253.0,427.0,55.0,33.0,利嘉閣網頁
89327e988841f1b0b3c4ae3513541090,10/11/2024,康城,峻瀅,3座,middle,G,15000,498.0,657.0,30.0,23.0,中原網頁
33033066039d08a0dba289d1bf53a0cc,10/11/2024,奧運站,帝峰．皇殿,6座,low,F,27500,561.0,736.0,49.0,37.0,中原網頁
daf57b8796ee99c71d6fc6a959f0c26c,10/11/2024,沙田,沙田中心,新寧大廈(G座),middle,C,15500,310.0,385.0,50.0,40.0,中原網頁
a4cd723436277a48fd8084d0b1c4231a,10/11/2024,奧運站,帝峰．皇殿,6座,low,B,16000,301.0,376.0,53.0,43.0,中原網頁
d26ee5d31a2c692fd7d0340affb23ba7,10/11/2024,青衣,青怡花園,3座,middle,F,13800,343.0,432.0,40.0,32.0,利嘉閣網頁
79474f063732c2eaddcc10377661e040,10/11/2024,九龍站,擎天半島,5座,middle,H,36000,748.0,998.0,48.0,36.0,中原網頁
0639ba13be4a4bb0f7f6dc60a2cefc4f,10/11/2024,九龍站,擎天半島,3座,middle,C,35000,809.0,1076.0,43.0,33.0,中原網頁
f9d78794da4134096ed723d87e254dda,10/11/2024,九龍灣,德福花園,C座,low,11,18500,538.0,603.0,34.0,31.0,中原網頁
d51682f77a882a3996e9ab96ecbe63e3,10/11/2024,堅尼地城,加多近山,加多近山,low,D,26800,410.0,530.0,65.0,51.0,利嘉閣網頁
c96645bca9da2a6d3566d0e806340095,10/11/2024,粉嶺,牽晴間,7座,middle,D,11500,386.0,534.0,30.0,22.0,中原網頁
79c7110fc83f5fb52488d7729c2962e2,10/11/2024,大坑,金樂居,金樂居,middle,C,10500,159.0,255.0,66.0,41.0,利嘉閣網頁
6bb9ec6b94df98fcc5615ca42f9b4c3e,10/11/2024,東涌市中心,映灣園,9座,low,F,18000,563.0,749.0,32.0,24.0,利嘉閣網頁
96827b5691d6b6cf7f4c05906f8c88d8,10/11/2024,油柑頭,恒麗園,1座,middle,C,18800,634.0,910.0,30.0,21.0,中原網頁
47213f6ee5ecc4adcbbe1d11bba01f64,10/11/2024,青衣,海欣花園,6座,low,F,16300,451.0,606.0,36.0,27.0,利嘉閣網頁
2d402fe3ac715096f223b605164e389b,10/11/2024,青衣,青泰苑,俊泰閣(F座),low,7,17800,554.0,712.0,32.0,25.0,中原網頁
0b46f49f9675436e8ecf2250618343c2,10/11/2024,荃景圍,荃景花園,5座,middle,G,13000,381.0,481.0,34.0,27.0,利嘉閣網頁
3ef1f7fe6e036480c661b3d102b721a3,10/11/2024,銅鑼灣,置安大廈,置安大廈,low,K,21500,555.0,630.0,39.0,34.0,中原網頁
24893295a99b9d71176c69dae4dc3993,10/11/2024,青龍頭,豪景花園,嘉蘭閣(11座),low,A,15000,828.0,1188.0,18.0,13.0,中原網頁
4241bff3748653d109c34e64ff034283,10/11/2024,荃灣半山,朗逸峰,8座,middle,A,31000,1008.0,1313.0,31.0,24.0,利嘉閣網頁
1ed4c76d9b72ac5aa92412884643c9bf,10/11/2024,大埔墟,新峰花園,29座,middle,F,21000,736.0,922.0,29.0,23.0,中原網頁
297b0ce0e97fffca7a5def95c029fac9,10/11/2024,上環,盈峰一號,盈峰一號,middle,D,22000,401.0,531.0,55.0,41.0,中原網頁
75fd5758565b8fe0fca88eef323a670e,10/11/2024,元朗站,Yoho Town,2座,middle,B,13500,393.0,525.0,34.0,26.0,中原網頁
ef565826be60757ddc61520fc672711a,10/11/2024,青衣,盈翠半島,3座,middle,B,27800,756.0,951.0,37.0,29.0,中原網頁
00349d5f2089f7436b2243937faf422a,10/11/2024,跑馬地,樂翠台,A座,low,4,53500,1147.0,1340.0,47.0,40.0,中原網頁
a3f12fc3c3acb8c7fa636a25e7cfc230,10/11/2024,屯門市中心,慧景閣,慧景閣,middle,D,12500,418.0,589.0,30.0,21.0,中原網頁
b66ef6d29ca1c7000c5e6f884f9e09a3,10/11/2024,天水圍,嘉湖山莊,10座,low,F,11600,442.0,576.0,26.0,20.0,中原網頁
22161ea460a9a231ad0556f8e507deca,10/11/2024,凹頭,尚悅,3座,middle,G,13000,442.0,607.0,29.0,21.0,中原網頁
b9108b43a3af6687d70a06a12d392c6f,10/11/2024,沙田第一城,沙田第一城,36座,low,F,18000,478.0,605.0,38.0,30.0,中原網頁
c86f6b670819e776ad492faf6aea43e9,10/11/2024,大坑半山,渣甸豪庭,渣甸豪庭,low,A,32800,767.0,1206.0,43.0,27.0,中原網頁
8a23e93048a98b0ceeedba43b1469f8a,10/11/2024,四小龍,宇晴軒,2座,middle,F,19800,501.0,684.0,40.0,29.0,中原網頁
f4c719c1634a5a68b4a37a6aa2eb0730,10/11/2024,九龍站,天璽,21座-5區(星鑽),middle,B,36500,635.0,837.0,57.0,44.0,中原網頁
92f24467b9358da242ff1430a34ac2f6,10/11/2024,牛頭角,安基苑,基裕閣(D座),middle,3,15300,434.0,535.0,35.0,29.0,中原網頁
56bb8bc0d14b7afe474a52f3c4bcc8c1,10/11/2024,荃灣市中心,富麗花園,昌富閣,middle,F,13100,313.0,412.0,42.0,32.0,中原網頁
7f981e5a0f21cd1d9c4f7d755d690aa3,10/11/2024,西半山,寶翠園,3座,middle,H,34500,662.0,852.0,52.0,40.0,中原網頁
75497387a18414000cc30a298f471538,10/11/2024,京士柏,爵士花園,3座,low,C,39500,1059.0,1323.0,37.0,30.0,中原網頁
2f2adeadc0155b8d440ef43dc2b495d6,09/11/2024,馬灣,珀麗灣,31座,middle,A,15800,476.0,622.0,34.0,26.0,美聯網頁
607d005410c412ad986aaabef1fd6ff1,09/11/2024,粉嶺,粉嶺中心,J座,middle,2,16000,533.0,690.0,31.0,24.0,美聯網頁
5c8041ec7c765d60cdc691efd6191b49,09/11/2024,青衣,盈翠半島,11座,low,H,19500,522.0,654.0,38.0,30.0,美聯網頁
b6eaadbf9e48a6444c1b2935f42cb2b7,09/11/2024,上水,上水中心,2座,low,E,12000,351.0,468.0,34.0,26.0,中原網頁
1e0ea80550076e32b501f9a4753571b9,09/11/2024,上環,帝后華庭,1座,low,H,17000,322.0,468.0,53.0,36.0,中原網頁
3c1d1425511f16f20315bb3eb10da1c6,09/11/2024,青衣,盈翠半島,5座,low,C,24000,670.0,846.0,36.0,28.0,中原網頁
d1bba1638c53e48e41a961fca627c167,09/11/2024,元朗站,Yoho Town,8座,low,C,14800,461.0,595.0,32.0,25.0,中原網頁
801d71561cf021b36005e3ec32921579,09/11/2024,沙田第一城,沙田第一城,40座,low,B,12600,284.0,395.0,44.0,32.0,中原網頁
b59a018ff669e7faeaebc3b2be4984e0,09/11/2024,北角,形品,形品,middle,E,26000,564.0,720.0,46.0,36.0,中原網頁
cae5da06b61ba143cfa0dd9afc32f2b3,09/11/2024,鰂魚涌,華信花園,華信花園,low,E,21000,630.0,768.0,33.0,27.0,利嘉閣網頁
693a57036bc1cffe693782029d73d538,09/11/2024,九龍塘,翠麗苑,B座,middle,B2,26000,626.0,769.0,42.0,34.0,中原網頁
f6028c56510785140e2641e3fa913f11,09/11/2024,沙田第一城,沙田第一城,24座,low,G,13500,326.0,395.0,41.0,34.0,中原網頁
c315506c175776eec1a5a94f6844d756,09/11/2024,東涌市中心,海堤灣畔,5座,low,D,18300,508.0,687.0,36.0,27.0,利嘉閣網頁
1f4542d11b5fc058676a8b29be6353fd,09/11/2024,太古城,太古城,南山閣(10座),low,H,20000,536.0,635.0,37.0,31.0,中原網頁
8f4fcabc960008b37dc33bc25b9ab77f,08/11/2024,寶琳,新都城,08座,middle,G,16500,363.0,516.0,46.0,32.0,美聯網頁
355fc3e8cb5572176bb598252efb9738,08/11/2024,大圍,景田苑,文心閣(A座),low,7,14000,431.0,520.0,32.0,27.0,中原網頁
c163dc58377b956b3eb636530650aab5,08/11/2024,屯門市中心,華都花園,4座,middle,F,13500,404.0,502.0,33.0,27.0,中原網頁
9b9efb05b21da71ab581478a59e63b03,08/11/2024,又一村,又一居,12座,low,A,31000,737.0,915.0,42.0,34.0,中原網頁
67df77856a8ffb365676677a65f3814c,08/11/2024,大角咀,形品．星寓,形品．星寓,low,H,13400,273.0,345.0,49.0,39.0,中原網頁
06c554d0831d73df230863a87347213c,08/11/2024,九龍站,擎天半島,5座,middle,G,37000,772.0,1037.0,48.0,36.0,中原網頁
3f9c7c1676d33c6923b143dea9ad6897,08/11/2024,粉嶺,逸峯,3座,low,B,14800,509.0,679.0,29.0,22.0,中原網頁
7d79fa63ad4f73de744abf63f644b7f5,08/11/2024,西半山,Castle One By V,CastleOneByV,low,D,37000,600.0,817.0,62.0,45.0,利嘉閣網頁
f5928841f57cc0e23a7d0c6f770e7cfd,08/11/2024,海逸,海逸豪園,4座,middle,E,40000,1100.0,1392.0,36.0,29.0,中原網頁
16060b4fc26ac7e96b35b8c93c12d96e,08/11/2024,東涌市中心,映灣園,2座,middle,D,22500,634.0,864.0,35.0,26.0,中原網頁
012312859832c79129d1f3eeb62915fe,08/11/2024,康怡,康怡花園,C座,low,12,22800,594.0,752.0,38.0,30.0,中原網頁
edb7c2ab994c0e8b486c20a790cebd53,08/11/2024,大坑,蓮花園,蓮花園,middle,C,18000,368.0,535.0,49.0,34.0,中原網頁
f956217a6867849ec95aa80bb4a260db,08/11/2024,杏花邨,杏花邨,29座,middle,7,23800,643.0,760.0,37.0,31.0,中原網頁
80f5083ff2e57561fddf3fd95202e6e8,08/11/2024,火炭,銀禧花園,4座,low,C,16800,498.0,623.0,34.0,27.0,中原網頁
e4ff3551d9e1acf26d1329bfbf64fadf,08/11/2024,九龍灣,德福花園,J座,middle,2,17500,532.0,596.0,33.0,29.0,中原網頁
10ea8d8724c03e15accdf28ceccdb1f8,08/11/2024,大埔市中心,新興花園,康誠閣(4座),low,D,10500,424.0,490.0,25.0,21.0,中原網頁
b7879de97d4c698549d08a7e0d855d82,08/11/2024,土瓜灣,翔龍灣,1座,low,E,21000,546.0,757.0,38.0,28.0,中原網頁
51667c5b0b0c17db3360ef914dc9fa1c,08/11/2024,火炭,華翠園,23座,middle,B,28000,882.0,1052.0,32.0,27.0,中原網頁
4d5e190fbaf2a21399e4142f7eb7cc7a,08/11/2024,上水,彩蒲苑,彩瑩閣(A座),middle,8,9800,338.0,451.0,29.0,22.0,中原網頁
772e90e74470d23f03978f15ae5f6875,08/11/2024,上環,寶泰大廈,寶泰大廈,middle,A,17500,435.0,632.0,40.0,28.0,中原網頁
c085d308cb9afced46ea90d65f38039b,08/11/2024,西半山,雍景臺,1座,low,D,43980,1117.0,1353.0,39.0,33.0,中原網頁
50bed2949b8d0c09adb23d2863489a21,08/11/2024,奧運站,凱帆軒,3座,middle,E,19000,447.0,606.0,43.0,31.0,中原網頁
603debf6c17124d509eda886ffec9056,08/11/2024,薄扶林,美景臺,B1座(A-B座),middle,A(2號),70000,1963.0,2194.0,36.0,32.0,中原網頁
1dd56f84f52a1ca4afb18aedd8cee2a9,08/11/2024,馬鞍山,新港城,Q座,low,1,14800,369.0,498.0,40.0,30.0,中原網頁
fc0ec4e86bdf78db9ec333c69504221f,08/11/2024,愉景灣,愉景灣,霞暉閣,low,A,16000,755.0,889.0,21.0,18.0,中原網頁
df8990aef70f65aa6efa1cad69736fcf,08/11/2024,大圍,名城,2座,middle,NC,32000,842.0,1103.0,38.0,29.0,中原網頁
2c001e754d806ff1d67e1ee2986ffc8b,08/11/2024,麗城,麗城花園,3座,low,H,21300,728.0,846.0,29.0,25.0,中原網頁
bafb0572f6ff819c85d25ea853041413,08/11/2024,凹頭,Residence 譽88,2座,middle,E,19000,651.0,848.0,29.0,22.0,中原網頁
e905d991b84590207cbe100ee282a250,08/11/2024,粉嶺,維也納花園,1座,middle,H,11500,478.0,637.0,24.0,18.0,中原網頁
7fe3dce6baaa36425838a90a4f262933,08/11/2024,四小龍,昇悅居,2座,low,D,19000,510.0,655.0,37.0,29.0,中原網頁
2e912d5ec1a411366a2e444c4de98c3c,08/11/2024,長沙灣,One Madison,OneMadison,middle,D,13700,249.0,345.0,55.0,40.0,中原網頁
feef5c47f1321d11bf53f0093e25b9a0,08/11/2024,西半山,富景花園,2座,middle,C,27000,597.0,703.0,45.0,38.0,中原網頁
4cb9fe6c1559e0736fcb6e455e1b1b7f,08/11/2024,鴨脷洲,漁安苑,銀安閣(A座),low,6,15500,469.0,575.0,33.0,27.0,中原網頁
51c83afcd2517908dea6d86f17706f6a,08/11/2024,將軍澳,將軍澳廣場,7座,low,A,17000,417.0,571.0,41.0,30.0,中原網頁
ecffd3fd528e740602b8d1f33a963d8b,08/11/2024,屯門市中心,萬成大廈,萬成大廈,low,A,11000,464.0,630.0,24.0,17.0,中原網頁
17dde5e10dcedaccf9e3787904daef60,08/11/2024,坑口,安寧花園,2座,low,G,16000,465.0,551.0,34.0,29.0,中原網頁
991149c7b1088a436bc7b900b1fed5a5,08/11/2024,黃埔,黃埔花園,4座,middle,A,26000,708.0,800.0,37.0,33.0,中原網頁
c605b4d944feaf28c2c24d3d6cae444c,08/11/2024,愉景新城,愉景新城,2座,low,D,19800,582.0,723.0,34.0,27.0,中原網頁
d8bb92df0af45d9255c2cb5dbaa549b5,08/11/2024,長沙灣,One Madison,OneMadison,low,C,19500,502.0,695.0,39.0,28.0,中原網頁
0b92d7cd9ab529d6609b530bb64ec048,08/11/2024,北角,光超台,B座,low,1,16000,434.0,566.0,37.0,28.0,中原網頁
a339b2c0600aeb76426ca61ecdd5c622,08/11/2024,將軍澳,天晉,1B座,middle,C,36000,826.0,1055.0,44.0,34.0,中原網頁
3afc51bd15ea55a029fe4cb290cb5504,08/11/2024,荃灣市中心,荃錦中心,1座,middle,B,14800,375.0,504.0,39.0,29.0,中原網頁
723e224b57e5ef04fce055811168b677,08/11/2024,跑馬地,名仕花園,名仕花園,low,B,22000,499.0,656.0,44.0,34.0,中原網頁
fe115f31221c95e5e390241dc6d4c006,08/11/2024,元朗市中心,雍翠豪園,1座,low,B,13000,488.0,669.0,27.0,19.0,中原網頁
66e7043a57b23c61f236e5d6d9270e04,08/11/2024,大埔半山,天賦海灣,16座,middle,C,39000,1212.0,1581.0,32.0,25.0,中原網頁
2ff581df24c7425539020b30ce05cf8c,08/11/2024,元朗站,Yoho Town,6座,low,F,15000,411.0,550.0,36.0,27.0,中原網頁
191bf75d47e36f7949389e9acf5fe299,08/11/2024,沙田,沙田中心,新寧大廈(G座),middle,A,14800,288.0,357.0,51.0,41.0,利嘉閣網頁
94769121a0ea4bf768321ff1e6f381b9,08/11/2024,堅尼地城,雅福台,雅福台,low,A,17300,344.0,564.0,50.0,31.0,中原網頁
9ae41f904b18ad8c9bf3bf6fa7a8dd92,07/11/2024,海怡,海怡半島,02座,low,D,18200,527.0,641.0,35.0,29.0,美聯網頁
67dcb076c30296f88bfe580644855954,07/11/2024,青龍頭,豪景花園,17座,low,B,15800,792.0,1136.0,20.0,14.0,美聯網頁
02184c210eea743c5618c4cea8cf4217,07/11/2024,貝沙灣,貝沙灣,2座,middle,B,64000,1366.0,1688.0,47.0,38.0,美聯網頁
56d39fbe5744b012c133ddcf9ad1b57a,07/11/2024,太古城,太古城,富天閣,middle,D,32000,760.0,876.0,43.0,37.0,美聯網頁
3a71662d45c601486e4b8bfbd109717a,07/11/2024,將軍澳,天晉,7座(星鑽海),low,E,22800,538.0,697.0,43.0,33.0,美聯網頁
bc6bed4fb48af1b6d1b8ec36102718e4,07/11/2024,又一村,又一村花園,B16座(花圃街36號),middle,C,41800,805.0,961.0,52.0,44.0,美聯網頁
ac0993ae0a953e573bfbf9216a31b7c4,07/11/2024,荃灣市中心,荃錦中心,2座,low,F,15000,354.0,495.0,42.0,30.0,中原網頁
a374b611e45f9d01319127b651d05ebf,07/11/2024,荔景,翠瑤苑,翠瑤苑,middle,6,12500,466.0,547.0,27.0,23.0,中原網頁
97cd388750e26cee739f170a1c4bd7f9,07/11/2024,西半山,樂信臺,3座,low,D,31000,746.0,890.0,42.0,35.0,中原網頁
dc8beed5632d5c94fa972b5679572762,07/11/2024,大埔市中心,八號花園,1座,middle,A,12000,438.0,526.0,27.0,23.0,利嘉閣網頁
5876dd47bfa7e9b8cff0db21a32e98e5,07/11/2024,屯門市中心,時代廣場,E座,middle,8,10200,272.0,364.0,38.0,28.0,中原網頁
cef277fd7c48ae8d45edeb3b84ae8af4,07/11/2024,大圍,金獅花園,金華閣(D座),middle,5,11000,270.0,418.0,41.0,26.0,中原網頁
6b7302846ccd67fd3f2a4f4215f4aa83,07/11/2024,沙田第一城,沙田第一城,2座,middle,C,14200,327.0,395.0,43.0,36.0,中原網頁
106b8c556586581bc054d7eb03d3341f,07/11/2024,小欖,青山別墅,碧濤閣(D座),middle,2,26500,1624.0,1757.0,16.0,15.0,中原網頁
23b6eee1068f944bf6fde67909b44bf2,07/11/2024,西半山,柏道2號,柏道2號,middle,D,41000,864.0,1176.0,47.0,35.0,中原網頁
b9f57b95544e51e9a1cf327cdb2195bc,07/11/2024,鑽石山,星河明居,D座,middle,7,21000,517.0,656.0,41.0,32.0,中原網頁
6b0c21a16fc610d22a95888cbb3d4b95,07/11/2024,屯門市中心,時代廣場,E座,low,5,10000,272.0,364.0,37.0,27.0,利嘉閣網頁
ff6aea5ce898007a4fc5d4eac528ee22,07/11/2024,北角,和富中心,14座,middle,D,27500,733.0,846.0,38.0,33.0,中原網頁
dc2d032f8741734408587730b962db99,07/11/2024,愉景新城,愉景新城,5座,low,D,20000,600.0,748.0,33.0,27.0,中原網頁
69a23ff3ace28b8f90fb76a2dd908f96,07/11/2024,洪水橋北新發展,尚城,7座,low,D,13000,530.0,697.0,25.0,19.0,利嘉閣網頁
ce5e8e6c5998c5bf3d0aaf0392349a77,07/11/2024,坑口,蔚藍灣畔,2座,low,D,24000,651.0,877.0,37.0,27.0,中原網頁
a43400c9ffc5f957b927eb7edd8ee5f8,07/11/2024,海怡,海怡半島,御盈居(26座),low,B,19000,516.0,667.0,37.0,28.0,中原網頁
676fe38ce801918d230c33dc860d3fb0,07/11/2024,大圍,海福花園,福祺閣(3座),middle,E,17500,409.0,470.0,43.0,37.0,中原網頁
b6d16151dd49556b13c485231c893126,06/11/2024,沙田,偉華中心,1座,middle,E,17000,358.0,483.0,47.0,35.0,利嘉閣網頁
12802e85bbc5d839ee63adce981c1a43,06/11/2024,薄扶林,碧瑤灣,25座,low,A,33800,976.0,1135.0,35.0,30.0,中原網頁
8d4fdf4dc6b43a901dffcdb3978b6711,06/11/2024,愉景灣,愉景灣,寶安閣,low,E,14500,545.0,628.0,27.0,23.0,中原網頁
112259ca9baafd045e2552fb453fc505,06/11/2024,愉景灣,愉景灣,津堤3座,low,B,25000,714.0,908.0,35.0,28.0,中原網頁
efa96a2a9ccc2aa091db043f04f06500,06/11/2024,奧運站,海桃灣,3座,low,C,18900,451.0,618.0,42.0,31.0,中原網頁
577b4de8156024ffb406a56d4349e50b,06/11/2024,將軍澳,將軍澳廣場,3座,low,E,17300,428.0,587.0,40.0,29.0,中原網頁
888f052ade50677a58c0dd189a5bb7f8,06/11/2024,屯門北,翠林花園,C座,low,5,11000,330.0,430.0,33.0,26.0,中原網頁
717d33a21014722c7ec42cb84644de66,06/11/2024,寶琳,新都城,1座,low,C,15500,364.0,511.0,43.0,30.0,中原網頁
5b9f23bedeece89797eb60395eb6051a,06/11/2024,奧運站,浪澄灣,7座,low,E,23000,559.0,750.0,41.0,31.0,中原網頁
487a248ca385ec047aa1cc0aae880516,06/11/2024,愉景灣,愉景灣,40座,middle,D,13800,451.0,590.0,31.0,23.0,中原網頁
4b5d9a30218db6aeed6d0e02008acdf4,06/11/2024,屯門北,大興花園,2座,low,F,12000,447.0,583.0,27.0,21.0,中原網頁
4c1f8157e401b52bf46806bc754f8c86,06/11/2024,火炭,御龍山,5座,low,A,30000,773.0,992.0,39.0,30.0,中原網頁
3bc500c22fab7a63a7921f95fbaa9ef5,06/11/2024,荃灣市中心,東亞花園,大發樓,middle,8,15500,460.0,620.0,34.0,25.0,中原網頁
02d5b2f86cee4168147cafd24537ca39,05/11/2024,寶琳,新都城,08座,low,E,16500,441.0,617.0,38.0,27.0,美聯網頁
3a0dfa39456f7b3a20662f87200654f2,05/11/2024,屯門南,恆福花園,3座,middle,A,10300,437.0,554.0,24.0,19.0,中原網頁
9fbc510e5661cb7411dbd4e8a3bd1398,05/11/2024,青龍頭,豪景花園,17座,low,B,15800,792.0,1136.0,20.0,14.0,中原網頁
515b42da5ef614c5aef7739d50dfcb37,05/11/2024,杏花邨,杏花邨,1座,low,1,18500,473.0,577.0,39.0,32.0,利嘉閣網頁
c8975ea7d7d380d12808ee6f5762cfb8,05/11/2024,天水圍,嘉湖山莊,2座,low,B,14700,630.0,811.0,23.0,18.0,中原網頁
6771f79d46570640300caf7c175fa7e9,05/11/2024,屯門北,寶怡花園,3座,low,F,11800,421.0,518.0,28.0,23.0,利嘉閣網頁
dd845f3fdeb98acec54fddaab5eae9b5,05/11/2024,上水,上水名都,柏林閣(1座),low,D,13500,448.0,607.0,30.0,22.0,中原網頁
0d1695f07aabb71c587ce89cd62ff830,05/11/2024,淺水灣,陽明山莊,5座,low,35,45000,1031.0,1298.0,44.0,35.0,中原網頁
bd23571cdc37ef00fc60898fb13b55ee,05/11/2024,粉嶺,逸峯,5座,low,B,15300,506.0,675.0,30.0,23.0,中原網頁
dbd749e7861c6e76e4a6b9b6a20b8fbc,05/11/2024,灣仔,樂居樓,樂居樓,low,C,15200,368.0,550.0,41.0,28.0,中原網頁
84c4525ed7b7e2c133b1927b9228f135,05/11/2024,屯門市中心,康麗花園,2座,middle,E,13600,480.0,629.0,28.0,22.0,中原網頁
7447ab92cb5e4890ca87fc7c283f3b43,05/11/2024,堅尼地城,嘉輝花園,A座,low,3,14500,282.0,377.0,51.0,38.0,中原網頁
d2097ddcad9854a08d012abab7a1fe1f,05/11/2024,奧運站,柏景灣,6座,middle,F,22500,466.0,645.0,48.0,35.0,中原網頁
8b48b39515780cf49b0ef6bc2dff6265,05/11/2024,西灣河,嘉亨灣,3座,low,B,55000,1129.0,1532.0,49.0,36.0,中原網頁
619b80ac7446c0a3682ff515ff1ebfa1,05/11/2024,調景嶺,都會駅,7座,middle,F,18800,503.0,674.0,37.0,28.0,中原網頁
18175720304b889f968583dfcaa3ae03,05/11/2024,寶琳,新都城,11座,low,H,16500,441.0,617.0,37.0,27.0,中原網頁
e407e22be8c4eefb854db16a1e74c3e0,05/11/2024,屯門市中心,華都花園,5座,low,F,11500,404.0,502.0,28.0,23.0,中原網頁
c06fc91a78e7c5654914ccf5d93356ca,05/11/2024,麗城,翠濤閣,2座,low,E,16800,703.0,784.0,24.0,21.0,中原網頁
a0654627b7a049feb9bea7fb40347bb8,05/11/2024,田灣,益添大廈,益添大廈,low,C,12500,332.0,447.0,38.0,28.0,中原網頁
7a8e57c411e49e3a59cca3c722a180f2,05/11/2024,九龍灣,淘大花園,G座,low,1,15500,390.0,462.0,40.0,34.0,利嘉閣網頁
e01837a082fc0a778459a62f31eea212,05/11/2024,凹頭,蝶翠峰,7座,low,D,12800,419.0,573.0,31.0,22.0,中原網頁
433858fed170e34650a0a51de7d9267a,04/11/2024,龍坪,帝景峰,帝景軒6座(第21座),low,F,22500,582.0,756.0,39.0,30.0,美聯網頁
47f26fc7ae71a1f93f700698d0d978d6,04/11/2024,康城,日出康城,2座L,low,A,20000,713.0,958.0,29.0,21.0,美聯網頁
034d6f37312806d8ec024c5d881a6f8e,04/11/2024,藍田,麗港城,12座,middle,A,25000,748.0,939.0,34.0,27.0,美聯網頁
77cbaf72262e991d079fa79bf405977d,04/11/2024,粉嶺,粉嶺中心,C座,middle,7,15500,513.0,647.0,31.0,24.0,美聯網頁
a52049ceaa5e6c91d121d82c516f1018,04/11/2024,大圍,名城,2座,middle,SD,27000,680.0,903.0,40.0,30.0,美聯網頁
0d542a33dfdf2d7712711341e50631ab,04/11/2024,粉嶺,蔚翠花園,6座,low,C,16800,716.0,842.0,23.0,20.0,中原網頁
cfe40b4d01a039399fad507f7f07b29d,04/11/2024,調景嶺,都會駅,6座,low,A,24000,594.0,809.0,40.0,30.0,利嘉閣網頁
0496c69e1dd7d57a4f40d7b301712661,04/11/2024,康城,峻瀅,3座,low,A,19380,738.0,970.0,26.0,20.0,利嘉閣網頁
7b9e593a94c1c32590db186e51c00848,04/11/2024,青衣,青怡花園,2座,middle,B,13500,343.0,432.0,39.0,31.0,利嘉閣網頁
ded4bc48a287ab0e733170e0fcab55e7,04/11/2024,何文田,鐘山閣,鐘山閣,middle,A,30000,828.0,1150.0,36.0,26.0,中原網頁
4c672508a7db913947d1022a28efffe8,04/11/2024,荃景圍,荃灣中心,重慶樓(6座),low,B,12500,380.0,486.0,33.0,26.0,中原網頁
768a3f6befb030fd44a05272de2204ef,04/11/2024,屯門碼頭,啟豐園,2座,middle,D,11000,372.0,535.0,30.0,21.0,中原網頁
dca2631f20141968e37c302030527cb0,04/11/2024,馬鞍山,聽濤雅苑,1座,middle,A,34000,1025.0,1271.0,33.0,27.0,中原網頁
371bca50cd52e3e3b3e1bf2c971f441c,04/11/2024,奧運站,凱帆軒,2座,middle,D,18000,465.0,621.0,39.0,29.0,中原網頁
03f100cf216f396c848051cb924c5953,04/11/2024,四小龍,碧海藍天,3座,middle,D,18800,511.0,679.0,37.0,28.0,利嘉閣網頁
e695ca0c8ee8433d744cdc588ffef3a5,04/11/2024,東涌市中心,映灣園,3座,low,C,18000,495.0,680.0,36.0,26.0,中原網頁
53771e085b48a598a37661481b50e6d1,04/11/2024,跑馬地,比華利山,G座,middle,1,47000,1057.0,1357.0,44.0,35.0,利嘉閣網頁
f83d1762c12491216d23e23f626785c9,04/11/2024,海怡,海怡半島,怡麗閣(10座),middle,A,26500,739.0,931.0,36.0,28.0,中原網頁
62b726369737fd0e44c8826539343f10,04/11/2024,北角半山,賽西湖大廈,1座,middle,B,45000,1124.0,1260.0,40.0,36.0,中原網頁
c7168c6afdf63cbcb1aa419a88546523,04/11/2024,大坑半山,高寧大廈,高寧大廈,middle,E,22000,567.0,750.0,39.0,29.0,中原網頁
ea029dd742bcebd514ba949038818a7c,03/11/2024,太古城,太古城,銀柏閣,low,D,32000,922.0,1029.0,35.0,32.0,美聯網頁
f165c76d547c520f5fcf5e965cdbb327,03/11/2024,元朗市中心,御景園,5座,middle,E,13000,484.0,620.0,27.0,21.0,中原網頁
a5704e9f325456e8d910bd99596d9ac9,03/11/2024,荃灣西,爵悅庭,南爵軒(A2),low,E,16300,372.0,498.0,44.0,33.0,中原網頁
f2f03ea79ccb4db4dff290fb84acf148,03/11/2024,盈暉,盈暉臺,3座,low,A,18000,441.0,620.0,41.0,29.0,中原網頁
cd76c76592ae04fd501aa301fa082ad1,03/11/2024,九龍站,擎天半島,6座,middle,B,32000,625.0,848.0,51.0,38.0,中原網頁
28e2e6ac6fc88127a11fc35c4f4d111c,03/11/2024,九龍站,擎天半島,1座,low,F,49000,1067.0,1440.0,46.0,34.0,中原網頁
3955a5180374b6490e1d9be67ee5444f,03/11/2024,藍地,豫豐花園,5座,middle,C,11000,396.0,531.0,28.0,21.0,中原網頁
db7d2046aa35036cd61b558e09193600,03/11/2024,天后,海新大廈,海新大廈,low,D,14500,326.0,477.0,44.0,30.0,中原網頁
28282b69639cb59eb47eb5cc38696a1c,03/11/2024,薄扶林,薄扶林花園,2座,middle,G,19000,456.0,526.0,42.0,36.0,中原網頁
53d2bbf83e3b09d37df10fce059ce13a,03/11/2024,西營盤,縉城峰,1座,low,B,34500,559.0,755.0,62.0,46.0,中原網頁
df24fbe2c06763765ef6e75a236526b1,02/11/2024,將軍澳,將軍澳中心,05座,low,G,23000,684.0,908.0,34.0,26.0,美聯網頁
160bf282f24d50f89f57d904e0bf4783,02/11/2024,東涌市中心,東堤灣畔,8座,low,D,17500,590.0,803.0,30.0,22.0,美聯網頁
4e766713a1f24cef5b6369c1063a0e20,02/11/2024,屯門北,大興花園,06座,middle,B,12500,475.0,625.0,27.0,20.0,美聯網頁
ecbb9e429f8ce9337c06666e49d6fef4,02/11/2024,沙田,新城市廣場,1座-(海桐閣),middle,D,35000,1018.0,1018.0,35.0,35.0,美聯網頁
6bb732a06b0f9393310e55217370fbd2,02/11/2024,元朗站,Yoho Town,M9座,low,F,17000,534.0,687.0,32.0,25.0,美聯網頁
1df03b0ded63d47b9235990f0f0bb125,02/11/2024,元朗站,Yoho Town,M6座,middle,C,27000,940.0,1231.0,29.0,22.0,美聯網頁
f0db43afca92bb7d720e112ae3cde2f6,02/11/2024,青衣,盈翠半島,05座,middle,G,20800,520.0,651.0,40.0,32.0,美聯網頁
b3e47b0590ca7855405d487bb9c8de40,02/11/2024,東涌市中心,映灣園,1座,middle,A,27500,970.0,1274.0,29.0,22.0,美聯網頁
26fa40a185627c0965fcf45381d4f7fe,02/11/2024,太古城,太古城,春櫻閣,low,H,33000,1114.0,1237.0,30.0,27.0,美聯網頁
9e2bb2f643f7e658f3af98e7c6c19953,02/11/2024,西灣河,鯉景灣,逸榮閣,middle,F,21000,485.0,571.0,44.0,37.0,美聯網頁
ed55907a959986fb306934bc9c5c665b,02/11/2024,天水圍,嘉湖山莊,03座,middle,C,12800,544.0,710.0,24.0,19.0,美聯網頁
e9ddc75c86a9e2730d92b159da23f307,02/11/2024,東涌市中心,映灣園,6座,middle,B,23000,728.0,986.0,32.0,23.0,中原網頁
735de3c2a648f1167442beb7c1253dc8,02/11/2024,鑽石山,龍蟠苑,龍珠閣(C座),low,8,13800,353.0,480.0,39.0,29.0,利嘉閣網頁
5611d4d3677a598adfe3c0bf027aaf92,02/11/2024,屯門新墟,偉景花園,B座,low,F,13600,519.0,649.0,26.0,21.0,中原網頁
1ea9a3064e7bb3b7d2a2dbbfca92aebf,02/11/2024,掃管笏,香港黃金海岸,18座,middle,A,20800,710.0,935.0,29.0,22.0,中原網頁
03ac27e794df0ec1a4a372744f9de722,02/11/2024,凹頭,蝶翠峰,5座,low,H,15000,525.0,697.0,29.0,22.0,中原網頁
d1076705ef0bfa61be50b0c18abf2c81,02/11/2024,凹頭,尚悅,13座,low,A,13500,434.0,588.0,31.0,23.0,中原網頁
d95cbc063b29044c44f4180c035e31f5,02/11/2024,寶琳,新都城,2座,middle,A,17800,470.0,644.0,38.0,28.0,利嘉閣網頁
7ccdd822162d66cfe4f29334bc196663,01/11/2024,康城,日出康城,3座R,middle,B,17000,519.0,684.0,33.0,25.0,美聯網頁
6d26117e191419250ce7deb3d4818a18,01/11/2024,青龍頭,豪景花園,23座,low,B,29000,1381.0,1893.0,21.0,16.0,美聯網頁
9a1e89f5f0e38e9306ee50b145ba8093,01/11/2024,太古城,太古城,翠榕閣,low,G,38000,1015.0,1132.0,38.0,34.0,美聯網頁
d77926724aa57918978ade0fa5f02164,01/11/2024,洪水橋北新發展,錦珊園,錦珊園,middle,C,13500,651.0,738.0,21.0,18.0,中原網頁
20969a87ffed56b3d8073bef560793c3,01/11/2024,上水,上水中心,1座,low,G,11500,342.0,463.0,34.0,25.0,利嘉閣網頁
d471365c44544c9ba53cbbb865b7ea74,01/11/2024,東涌市中心,映灣園,7座,middle,F,18000,548.0,729.0,33.0,25.0,利嘉閣網頁
8a2b9bf3724793448561c816d10b71c2,01/11/2024,東涌市中心,藍天海岸,1座,middle,H,15000,381.0,500.0,39.0,30.0,利嘉閣網頁
ce1789d90b08cdb315ace1e6a500b950,01/11/2024,又一村,又一居,11座,low,G,24000,439.0,547.0,55.0,44.0,中原網頁
c7c9b831a6d6871d3eaa216e03c19548,01/11/2024,天水圍,嘉湖山莊,11座,middle,F,10500,442.0,576.0,24.0,18.0,利嘉閣網頁
3b1d1f7a5dc46dafbe3dff4d29407c25,01/11/2024,黃埔,半島豪庭,2座,low,D,24000,520.0,684.0,46.0,35.0,中原網頁
306b904b62ccfddf49766f192e2fb829,01/11/2024,調景嶺,維景灣畔,6座,low,H,25500,660.0,897.0,39.0,28.0,中原網頁
8454f2db677ccece7dbc202a938c2cf2,01/11/2024,將軍澳,將軍澳中心,12座,low,H,17500,467.0,620.0,37.0,28.0,中原網頁
d25f3dc08efe668d1d7b897b894e125e,01/11/2024,坑口,清水灣半島,5座,middle,B,16800,531.0,701.0,32.0,24.0,中原網頁
0f19927214b35ce389c8252803438a68,01/11/2024,將軍澳,天晉,6座,low,B,39000,873.0,1128.0,45.0,35.0,中原網頁
2dcd7e56f40c9f6755c5cb65589bcc6c,01/11/2024,將軍澳,天晉,3座,low,D,23500,536.0,693.0,44.0,34.0,利嘉閣網頁
3a285a3b122085770fb2b2a6601f63b0,01/11/2024,沙田,沙田廣場,金星閣(A座),low,3,23000,612.0,774.0,38.0,30.0,中原網頁
9f5631468be2e144b91acf49984cb5dc,01/11/2024,石門,濱景花園,1座,low,A,20000,645.0,781.0,31.0,26.0,中原網頁
890aa51028b979e81cf57b49777cc00e,01/11/2024,大圍,美松苑,富松閣(A座),low,10,13600,401.0,516.0,34.0,26.0,中原網頁
b2b41310e568939e18892892d563a04b,01/11/2024,馬鞍山,新港城,N座,low,8,18800,512.0,683.0,37.0,28.0,中原網頁
838c50ecf6bb28e9202222b721334710,01/11/2024,屯門南,恆福花園,1座,middle,C,16500,624.0,776.0,26.0,21.0,中原網頁
2e136e2d72452c7b663f0f365dc9a257,01/11/2024,康城,峻瀅,3座,middle,E,19500,736.0,968.0,26.0,20.0,中原網頁
a98d9c1efe8829e45ed1d59190f55b5c,01/11/2024,調景嶺,都會駅,2座,low,E,19000,488.0,659.0,39.0,29.0,中原網頁
53c618a0a9cea3bd84c0998e52451b56,01/11/2024,將軍澳,將軍澳廣場,6座,low,C,17500,451.0,615.0,39.0,28.0,中原網頁
ae48be300e5558f8a3ea367296edcae2,01/11/2024,康城,日出康城,奧斯陸(5座-左翼),middle,D,21000,705.0,945.0,30.0,22.0,中原網頁
cfdd9f23544816bdbd6ab520da76c45e,01/11/2024,康城,日出康城,米蘭(3座-左翼),middle,B,26000,840.0,1115.0,31.0,23.0,中原網頁
8c844bb4e491638e04f4ed8371b8e125,01/11/2024,康城,日出康城,8座(右翼),middle,B,18500,654.0,869.0,28.0,21.0,利嘉閣網頁
19f2e32e719f2ead4c241537fd0f81ee,01/11/2024,康城,日出康城,6座(左翼),low,C,26000,985.0,1306.0,26.0,20.0,中原網頁
de65727fa2b3ca5cb481a7688fb25199,01/11/2024,康城,日出康城,7座(右翼),low,B,20500,732.0,962.0,28.0,21.0,中原網頁
7c2d027d90ecb0d4106db6d1880fa0b4,01/11/2024,康城,日出康城,7座(右翼),low,A,20000,680.0,909.0,29.0,22.0,中原網頁
f7e3242a7b1b813c1acf5e8b109a1248,01/11/2024,調景嶺,都會駅,8座,middle,C,30000,894.0,1197.0,34.0,25.0,利嘉閣網頁
79c4adc0aa9245910084d3e6c3d3eafb,01/11/2024,康城,日出康城,5座(左翼),middle,C,19800,730.0,961.0,27.0,21.0,中原網頁
45d76b3f5db5ca18239e0e51992e61ab,01/11/2024,深井,碧堤半島,6座,middle,B,26000,891.0,1177.0,29.0,22.0,中原網頁
dd2d0f92ae17757c6286725979306684,01/11/2024,深井,碧堤半島,8座,middle,H,15500,517.0,690.0,30.0,22.0,中原網頁
8d85d11cec5cc2b4537cf45ac1514618,01/11/2024,青衣,灝景灣,7座,low,D,26500,682.0,844.0,39.0,31.0,中原網頁
a390ebac4faa1ee063e070ce90037a30,01/11/2024,青衣,灝景灣,6座,middle,A,29500,853.0,1054.0,35.0,28.0,中原網頁
318c0355e636589093614495979c7bd8,01/11/2024,青衣,海欣花園,5座,low,D,15500,471.0,630.0,33.0,25.0,中原網頁
6e1a7eb30b2ca6cdb9a69c1befaa8a56,01/11/2024,青衣,盈翠半島,9座,middle,E,23000,675.0,849.0,34.0,27.0,中原網頁
f8c14523b9ebd5442fc94f12dcf526aa,01/11/2024,青衣,盈翠半島,9座,middle,F,19000,523.0,658.0,36.0,29.0,中原網頁
8ed2285614f3229626f66ec542d06ce2,01/11/2024,青衣,盈翠半島,5座,middle,F,20500,523.0,656.0,39.0,31.0,中原網頁
20453c402d1e739ebe5141960a60b68b,01/11/2024,盈暉,盈暉臺,1座,low,A,18500,452.0,626.0,41.0,30.0,中原網頁
c465aaddecefd9c1f1b117b92137134f,01/11/2024,荃灣半山,朗逸峰,16座,middle,A,33800,1062.0,1388.0,32.0,24.0,利嘉閣網頁
1b8290bf57968616e41f01b822114eed,01/11/2024,荃景圍,翠豐臺,3座,low,A,14600,435.0,598.0,34.0,24.0,中原網頁
eec0c2b3a70705e9644639f64b5db411,01/11/2024,荃灣市中心,名逸居,1座,middle,C,17800,530.0,703.0,34.0,25.0,中原網頁
f198dba54e1b468dd85a66b5e4b98ce0,01/11/2024,荃灣西,海灣花園,3座,low,C,15000,471.0,600.0,32.0,25.0,中原網頁
17e99ecdcb07c23886426477fa19b21b,01/11/2024,綠楊,綠楊新邨,C座,middle,4,21000,582.0,667.0,36.0,31.0,中原網頁
f3b564a0179972f2ce6c8159202616a5,01/11/2024,荃灣海濱,海濱花園,海寶閣(1座),low,B,18300,577.0,696.0,32.0,26.0,中原網頁
78caf30b70ea7f601a08ce05c4c726e1,01/11/2024,元朗站,Yoho Town,5座,middle,C,19000,615.0,803.0,31.0,24.0,利嘉閣網頁
e72920105d4f1d12ccfd62a56b3a1783,01/11/2024,元朗站,Yoho Town,7座,low,B,18500,520.0,677.0,36.0,27.0,中原網頁
8b8af62f49650762ccd69836779f74af,01/11/2024,荃灣西,萬景峯,3座,middle,G,21500,522.0,690.0,41.0,31.0,中原網頁
c712271c8484a82105c855d0d01e7f5e,01/11/2024,荃灣西,爵悅庭,西爵軒(B1),low,C,25500,722.0,995.0,35.0,26.0,中原網頁
edddad3c8f8b555e63c7d88b0b6325ed,01/11/2024,荃灣西,爵悅庭,南爵軒(A2),low,F,17000,474.0,648.0,36.0,26.0,中原網頁
0fb35e4058ec47066224871c0964ca08,01/11/2024,天水圍,天愛苑,愛潮閣(A座),low,3,12000,606.0,830.0,20.0,14.0,中原網頁
90c93f8d8991351bed6970adc91ee533,01/11/2024,屯門碼頭,美樂花園,9座,low,E,13500,589.0,677.0,23.0,20.0,中原網頁
69c147b8f67fe4819dfd93fc3674f5ec,01/11/2024,屯門市中心,時代廣場,A座,middle,2,12500,408.0,512.0,31.0,24.0,中原網頁
7b3addf52f39d9b861d4586236a7c82f,01/11/2024,凹頭,朗怡居,2座,low,D,14000,552.0,697.0,25.0,20.0,中原網頁
25f620d7970f7a6741189e6f49e81819,01/11/2024,元朗市中心,朗庭園,1座,low,E,13000,396.0,531.0,33.0,24.0,中原網頁
fdcbc17613e8054f1cb4cee3263ad342,01/11/2024,九龍站,天璽,21座-6區(彗鑽),middle,C,39000,664.0,882.0,59.0,44.0,中原網頁
4151538c83462e3529a827ccdfab78a3,01/11/2024,深井,麗都花園,5座,low,H,13800,570.0,683.0,24.0,20.0,中原網頁
818eca4f473b3de76b2107192b16f0ca,01/11/2024,坑口,新寶城,6座,middle,E,17500,436.0,606.0,40.0,29.0,中原網頁
c51c7be25f8e45b7f74cd1e33215228c,01/11/2024,坑口,東港城,1座,low,D,23000,619.0,790.0,37.0,29.0,中原網頁
c674133213ebd697f5a1cde053700825,01/11/2024,愉景新城,愉景新城,9座,low,F,21000,650.0,805.0,32.0,26.0,中原網頁
ccd902d84e5360ffe84f5dd59f8be37b,01/11/2024,大埔半山,天賦海灣,6座,middle,A,30000,1005.0,1282.0,30.0,23.0,中原網頁
1f5beb0d1bc9cb3a455d9be58d84d467,01/11/2024,大埔半山,天賦海灣,11座,low,B,48000,1699.0,2133.0,28.0,23.0,中原網頁
36628089540755897122ecabc39d8fc9,01/11/2024,元朗市中心,好旺洋樓,好旺洋樓,low,C,9200,271.0,413.0,34.0,22.0,中原網頁
b60a6aacc58fda2a53e92ecd8f639180,01/11/2024,元朗市中心,好旺洋樓,好旺洋樓,middle,D,8200,271.0,413.0,30.0,20.0,中原網頁
f644728ea79749f9ddd9d6d5a2788251,01/11/2024,天水圍,栢慧豪園,3座,middle,E,13500,498.0,656.0,27.0,21.0,中原網頁
ab9ef5c3dd356505182600b354ec8612,01/11/2024,大圍,名城,5座,middle,NC,29500,784.0,1030.0,38.0,29.0,中原網頁
f7039412a9aa7955f2dd6b19fd454583,01/11/2024,馬鞍山,銀湖．天峰,8座,low,F,18000,541.0,711.0,33.0,25.0,中原網頁
6ce7b382565071b0f4478531d44947a4,01/11/2024,馬鞍山,嵐岸,1座,low,B,22000,814.0,1089.0,27.0,20.0,中原網頁
9efccb77cfbd5ea730d9a1473c8b7638,01/11/2024,火炭,御龍山,1座,low,C,22200,555.0,717.0,40.0,31.0,利嘉閣網頁
2740e15daef06d6a8cd4a523708506ff,01/11/2024,馬鞍山,翠擁華庭,8座,low,C,17500,521.0,678.0,34.0,26.0,中原網頁
0798ede98364a88c598064aba452da25,01/11/2024,火炭,御龍山,3座,middle,A,32500,764.0,979.0,43.0,33.0,中原網頁
2ce5635b447d583e4b6e33beaa760608,01/11/2024,九龍灣,德福花園,H座,low,15,17800,539.0,660.0,33.0,27.0,中原網頁
00b03a72e5a48ec697b9b2888855b6d0,01/11/2024,鑽石山,星河明居,B座,low,1,24000,593.0,751.0,40.0,32.0,中原網頁
a916bca01a58a2cec694ce3d612aa479,01/11/2024,長沙灣,仁禮大廈,仁禮大廈,low,D,9900,202.0,284.0,49.0,35.0,中原網頁
4f3f7efc790abfb40fdd58284ac80ffd,01/11/2024,新蒲崗,康強洋樓,A座,middle,A4,11500,384.0,480.0,30.0,24.0,中原網頁
8e11acdfbcdbe2b052f74980a34d48b6,01/11/2024,粉嶺,碧湖花園,5座,middle,G,12000,400.0,518.0,30.0,23.0,利嘉閣網頁
bcabee679ade29e2724b17d6cde63c1f,01/11/2024,上水,新都廣場,3座,low,H,14200,468.0,570.0,30.0,25.0,中原網頁
3934668520e8ef4b9980477f8000caf5,01/11/2024,小瀝源,帝堡城,2座,low,E,18800,547.0,718.0,34.0,26.0,中原網頁
e2cda48770950e1733d7382ffc4a620d,01/11/2024,大埔市中心,大埔中心,21座,low,H,12500,325.0,432.0,38.0,29.0,中原網頁
d07b1e244c0fab9544e6f2aabfa43cd2,01/11/2024,沙田,河畔花園,E座,low,7,12000,242.0,368.0,50.0,33.0,中原網頁
08775fb8c7751e20dd3b4379cf158ce3,01/11/2024,寶琳,新都城,3座,low,A,16500,420.0,584.0,39.0,28.0,中原網頁
f790444e2283382d7c2d9fdc02d4a69c,01/11/2024,寶琳,新都城,1座,middle,F,15500,364.0,511.0,43.0,30.0,利嘉閣網頁
627f9d83eeb0b5f74b88b7403fe99587,01/11/2024,太和,太湖花園,1座,low,H,18000,584.0,805.0,31.0,22.0,中原網頁
6d09f6813cf244c5a6e4da2c78282b0b,01/11/2024,新蒲崗,譽．港灣,8座,middle,B,33000,827.0,1075.0,40.0,31.0,中原網頁
57b657781ae27fb0aa0d382290b977a8,01/11/2024,奧運站,柏景灣,3座,low,C,34500,695.0,943.0,50.0,37.0,中原網頁
089b0d2eb3eac23bc30af0fbae822f23,01/11/2024,京士柏,君頤峰,5座,middle,B,43000,959.0,1266.0,45.0,34.0,中原網頁
2d286778a3ffd9d3891cda95169cda5b,01/11/2024,大角咀,港灣豪庭,10座,middle,C,17500,432.0,584.0,41.0,30.0,中原網頁
8d07bf0bfc4ce9e33c179ed65a0cb676,01/11/2024,大角咀,港灣豪庭,8座,middle,B,17000,436.0,595.0,39.0,29.0,中原網頁
3de43721fc5238296e6e57e7eca50417,01/11/2024,奧運站,海桃灣,1座,low,C,21000,502.0,681.0,42.0,31.0,中原網頁
aa7c2fe4f99965f68048f9ad1f737233,01/11/2024,奧運站,帝峰．皇殿,6座,low,B,16000,301.0,376.0,53.0,43.0,利嘉閣網頁
ddda19f8bec5d78d4208e2d3f12883cb,01/11/2024,奧運站,帝峰．皇殿,6座,middle,C,34000,758.0,1005.0,45.0,34.0,利嘉閣網頁
83cdcb1561fc99b5497d8e82f31131fe,01/11/2024,奧運站,君匯港,6座,low,B,22000,474.0,617.0,46.0,36.0,利嘉閣網頁
9d6c028adb9e1c16f6fd5c51e6317479,01/11/2024,奧運站,維港灣,6座,middle,G,21800,457.0,609.0,48.0,36.0,中原網頁
c21d0e96cb2b6b5f7261544b28fd2160,01/11/2024,大角咀,港灣豪庭,4座,middle,H,16000,326.0,477.0,49.0,34.0,中原網頁
b1900fe6c632b01f54821d287ba42abf,01/11/2024,奧運站,瓏璽,6A座,low,A,60000,1309.0,1640.0,46.0,37.0,利嘉閣網頁
b0137698b68f2d9eed857d587d13e8d0,01/11/2024,奧運站,瓏璽,6B座,low,B,33500,667.0,857.0,50.0,39.0,利嘉閣網頁
df2087ac671654817cb818a58fcf15cb,01/11/2024,奧運站,瓏璽,6B座,middle,B,36000,666.0,856.0,54.0,42.0,中原網頁
e7182c6ccb5eb1537db23714b8275b58,01/11/2024,四小龍,昇悅居,3座,middle,D,19500,459.0,605.0,42.0,32.0,中原網頁
3b11aeef737a572fc447bb23aa451555,01/11/2024,奧運站,凱帆軒,1座,low,D,19500,464.0,625.0,42.0,31.0,中原網頁
bd4606f53556ea1a4d61d49cc5b3e94f,01/11/2024,藍田,麗港城,10座,middle,E,22300,687.0,863.0,32.0,26.0,中原網頁
cb49ec8a30e6dd4596d085aa13e8f105,01/11/2024,藍田,麗港城,22座,low,B,18000,517.0,644.0,35.0,28.0,利嘉閣網頁
ddca8f1b470139459bbca4549ba9e785,01/11/2024,九龍站,漾日居,3座,middle,G,45000,1136.0,1480.0,40.0,30.0,中原網頁
cb829df365054ac7b079744e8eace338,01/11/2024,九龍站,君臨天下,2座,low,E,38000,743.0,1039.0,51.0,37.0,中原網頁
4de4f7fc379b1c634efcec9049a058a5,01/11/2024,九龍站,君臨天下,1座,middle,A,58000,1062.0,1443.0,55.0,40.0,利嘉閣網頁
b251d0e683f850db70531feae1816094,01/11/2024,九龍站,君臨天下,2座,middle,F,53000,1056.0,1388.0,50.0,38.0,中原網頁
06b3a7fc2510afe86f61b83036cc2d94,01/11/2024,九龍站,凱旋門,朝日閣(1A座),middle,B,56000,969.0,1338.0,58.0,42.0,中原網頁
a616a7555e905c777ad81d07e5014b99,01/11/2024,九龍站,凱旋門,觀星閣(2座),middle,D,31000,548.0,747.0,57.0,41.0,利嘉閣網頁
fbb18fe75a9bf2f904ae59659906cc04,01/11/2024,九龍站,凱旋門,摩天閣(1座),middle,B,50000,841.0,1126.0,59.0,44.0,中原網頁
9f57792d7bb275ec0f92c69b31b4ec6b,01/11/2024,海逸,海逸豪園,25座,middle,C,43000,1102.0,1472.0,39.0,29.0,中原網頁
f8bd9432db8470003ded5ff27a20b2ce,01/11/2024,黃埔,黃埔新邨,樂富樓(U座),low,2,13800,323.0,450.0,43.0,31.0,中原網頁
86f7a238bb073dc5e41e7235c5f3cde7,01/11/2024,海逸,海逸豪園,12A座,low,A,40000,1104.0,1384.0,36.0,29.0,利嘉閣網頁
d306de0e512845cd52e4eb202facdf20,01/11/2024,土瓜灣,金都豪苑,金都豪苑,low,B,19000,432.0,589.0,44.0,32.0,中原網頁
46f9ec3706325d031dcce61b26435e4c,01/11/2024,九龍站,擎天半島,1座,middle,B,68000,1249.0,1657.0,54.0,41.0,中原網頁
076c660932a67abb04bcc165619c4412,01/11/2024,東涌市中心,東堤灣畔,8座,middle,A,25500,868.0,1154.0,29.0,22.0,中原網頁
d6e55dcae7238db7a92898b12397c9ed,01/11/2024,東涌市中心,東堤灣畔,2座,middle,B,18000,542.0,734.0,33.0,25.0,利嘉閣網頁
ddececcd089dc341df57463e81146f8d,01/11/2024,東涌市中心,藍天海岸,3座,middle,E,18000,492.0,648.0,37.0,28.0,利嘉閣網頁
fa0ff840113cb24ea6d7549314d09bd9,01/11/2024,東涌市中心,藍天海岸,5座,low,E,18800,492.0,648.0,38.0,29.0,中原網頁
2658607d8527a846abe6c50f61024ae3,01/11/2024,馬灣,珀麗灣,6座,low,F,15500,531.0,694.0,29.0,22.0,中原網頁
6f75e92da9ae7f0f4daf937c16d075b2,01/11/2024,馬灣,珀麗灣,22座,middle,F,16300,532.0,678.0,31.0,24.0,中原網頁
723423ef0b2e8ef022bbb45cc8668e4a,01/11/2024,愉景灣,愉景灣,逸澄閣,middle,E,12800,438.0,590.0,29.0,22.0,中原網頁
b7d55785822f70fef4d39f5205a4eb10,01/11/2024,沙田第一城,沙田第一城,51座,low,A,13080,284.0,395.0,46.0,33.0,中原網頁
8d774554feebc0167bf832dae3ebb8d4,01/11/2024,沙田第一城,沙田第一城,23座,low,E,15000,451.0,562.0,33.0,27.0,中原網頁
ec79d0e59acf38bfedc9b554ee6a5460,01/11/2024,沙田第一城,沙田第一城,24座,low,D,13000,326.0,395.0,40.0,33.0,中原網頁
20a3b2f0232b0e26ef958d95727bf130,01/11/2024,沙田第一城,沙田第一城,2座,middle,H,14200,327.0,395.0,43.0,36.0,中原網頁
e3bb0e37d592b68e4f8b46b7a67e5c3b,01/11/2024,天水圍,嘉湖山莊,5座,low,F,11500,442.0,576.0,26.0,20.0,中原網頁
2356fedf3ada4dd04304725e6a9a915c,01/11/2024,天水圍,嘉湖山莊,6座,middle,C,13300,546.0,709.0,24.0,19.0,中原網頁
3ee25993f4e8ade1bb116c56615cb871,01/11/2024,天水圍,嘉湖山莊,2座,low,B,15000,633.0,814.0,24.0,18.0,中原網頁
cb9874f8028efca3a7184d8b7298b900,01/11/2024,天水圍,嘉湖山莊,3座,middle,A,14800,629.0,825.0,24.0,18.0,中原網頁
81af0c7e861679d31f480102feec5a68,01/11/2024,東涌市中心,映灣園,9座,low,A,27500,912.0,1220.0,30.0,23.0,中原網頁
40d3e9ba8315d6d9071892e4c361eec5,01/11/2024,上水,上水中心,3座,low,F,11000,342.0,460.0,32.0,24.0,中原網頁
ac1622aab3c98a10f07412463ee527c1,01/11/2024,荔灣,荔灣花園,A座,middle,A3,13500,426.0,477.0,32.0,28.0,中原網頁
497bfa322aca6ee3d7bf7565838f2d68,01/11/2024,何文田,俊慧園,C座,middle,C1,66000,1905.0,2110.0,35.0,31.0,中原網頁
da4706587dd1a8950ec6b664f7253635,01/11/2024,何文田,富都大廈,富都大廈,middle,D,17100,476.0,577.0,36.0,30.0,中原網頁
cf2b1a0f082aece407bf90c5d1d9b835,01/11/2024,屯門北,大興花園,8座,low,C,12000,447.0,583.0,27.0,21.0,利嘉閣網頁
1dd2e3746b4577af13b9f6238e4a07e6,01/11/2024,元朗站,新元朗中心,2座,middle,A,13500,485.0,599.0,28.0,23.0,利嘉閣網頁
c457f082eb769718a1790b4a206bfd48,01/11/2024,鑽石山,龍蟠苑,龍珠閣(C座),middle,4,13500,340.0,462.0,40.0,29.0,中原網頁
bfc266b6e78ebc03c1561ed6fa98aadc,01/11/2024,西半山,蔚庭軒,蔚庭軒,middle,A,28000,573.0,778.0,49.0,36.0,中原網頁
227ac1e05c08c948b32a5c856cb42cbc,01/11/2024,大坑半山,名門,2座,middle,A,69000,1387.0,1918.0,50.0,36.0,中原網頁
70087cbcb3279a30cc5394a4f1dca9f9,01/11/2024,跑馬地,禮頓山,8座,middle,B,83000,1240.0,1618.0,67.0,51.0,中原網頁
5cf99a2e5617a99e6901abd769494cf0,01/11/2024,西半山,羅便臣道80號,1座,low,A,34000,618.0,813.0,55.0,42.0,中原網頁
7253ceaf42d3fdfab71f2477806e00d8,01/11/2024,大坑半山,光明臺,2座,low,C,35000,800.0,979.0,44.0,36.0,中原網頁
2b2558165dca5aaf293e9738fdabc23a,01/11/2024,中半山,雨時大廈,雨時大廈,middle,E,23500,452.0,613.0,52.0,38.0,中原網頁
0d2c22a19483ed4c8939c57057bd9afd,01/11/2024,西半山,寶翠園,3座,middle,A,37000,755.0,957.0,49.0,39.0,利嘉閣網頁
ea234ef5ae61b62af0361ef568372793,01/11/2024,西營盤,高樂花園,2座,low,H,16500,340.0,450.0,49.0,37.0,中原網頁
696c3d1dfb9f9ad00f7d1176cd4cd0bf,01/11/2024,西半山,寶翠園,6座,low,A,41000,901.0,1164.0,46.0,35.0,中原網頁
6e04353205055c9903e91d8c87f6747c,01/11/2024,西半山,樂信臺,3座,middle,F,37000,823.0,967.0,45.0,38.0,中原網頁
0f0cc37d85c277c9de0dc43aff6eb51f,01/11/2024,銅鑼灣,樂聲大廈,A座,low,1,14800,343.0,403.0,43.0,37.0,中原網頁
5f3d0f3fc1929c04f03b43704e7c1e44,01/11/2024,堅尼地城,嘉輝花園,B座,middle,6,13500,221.0,293.0,61.0,46.0,中原網頁
2b354361ce8a1187ba2f45cd14387de0,01/11/2024,淺水灣,陽明山莊,5座,middle,35,45000,1031.0,1298.0,44.0,35.0,中原網頁
8b605cbd136fc865f3163e62d26c7c7c,01/11/2024,淺水灣,陽明山莊,14座,low,77,66000,1505.0,1900.0,44.0,35.0,中原網頁
0ee866f59b41f6f650b728e51b8f4da8,01/11/2024,鰂魚涌,栢蕙苑,祥柏閣(1座),middle,H,23000,626.0,729.0,37.0,32.0,中原網頁
50fc11ed0abbba1f3f4d7bb845332874,01/11/2024,香港仔,香港仔中心,港榮閣(I座),low,4,15000,485.0,578.0,31.0,26.0,中原網頁
2c23dcab501fc6ac63b52c82c1b376ff,01/11/2024,鰂魚涌,南豐新邨,10座,low,F,15800,391.0,474.0,40.0,33.0,中原網頁
21999f02132ea50393f690a40fc0f07e,01/11/2024,北角,和富中心,2座,low,C,32500,847.0,944.0,38.0,34.0,中原網頁
d0dbf39629e457f69a7ab5aff31c4ca0,01/11/2024,掃管笏,香港黃金海岸,11座,middle,B,16500,680.0,895.0,24.0,18.0,中原網頁
edef531ecbbb47905ae314d362467586,01/11/2024,掃管笏,香港黃金海岸,10座,low,D,13000,535.0,702.0,24.0,19.0,中原網頁
e0c1bd4098a68fee342acbb9e510716f,01/11/2024,灣仔,聯發大廈,聯發大廈,low,B,15500,321.0,444.0,48.0,35.0,中原網頁
560ed0fc81c1a5499e07360e960c78a0,01/11/2024,西營盤,縉城峰,1座,middle,F,24000,374.0,496.0,64.0,48.0,中原網頁
349af9c1b396cb99e9a7a4c73e7dff7f,01/11/2024,西營盤,縉城峰,1座,middle,B,35000,559.0,755.0,63.0,46.0,中原網頁
d091b2132b4660180cd3ba2ec95ca8ef,01/11/2024,石塘咀,維壹,維壹,low,B,41000,662.0,895.0,62.0,46.0,中原網頁
810a9f7e8bd103e565fd0d66a83da2d1,01/11/2024,堅尼地城,Imperial Kennedy,ImperialKennedy,middle,D,33500,525.0,673.0,64.0,50.0,中原網頁
57a4d5e43ec5feb2096dfcb9f3685fa4,01/11/2024,北角,寶馬花園,2座,low,C,18800,470.0,677.0,40.0,28.0,利嘉閣網頁
9f7a63601ffe291a450ec93bc1d8014c,01/11/2024,北角,曉峰,曉峰,low,A,32000,766.0,1025.0,42.0,31.0,利嘉閣網頁
0d1510a7a4d19877223f3b9490045706,01/11/2024,北角,怡家洋樓,怡家洋樓,middle,D,13000,269.0,355.0,48.0,37.0,利嘉閣網頁
bf0cb064187a71d9e04d529a26084f4e,01/11/2024,薄扶林,置富花園,富榮苑(H-19座),middle,H,15000,439.0,518.0,34.0,29.0,中原網頁
e210eae369535ab542b3f2fba03d2985,01/11/2024,田灣,南景花園,南景花園,low,A,14000,403.0,592.0,35.0,24.0,中原網頁
1321930794cfe4c4787a297e6403aca8,01/11/2024,康怡,康怡花園,N座,low,8,21000,490.0,620.0,43.0,34.0,利嘉閣網頁
f7b109f3b8b207977a31398730a0d253,01/11/2024,海怡,海怡半島,怡麗閣(10座),low,C,25500,639.0,790.0,40.0,32.0,中原網頁
72e880ba88cd39a0e3f9b9bbc38c3758,01/11/2024,貝沙灣,貝沙灣,5座,low,B,59000,1376.0,1690.0,43.0,35.0,中原網頁
e6930bed0a415a484884f9a35859aa07,01/11/2024,貝沙灣,貝沙灣,7座,low,A,53500,1201.0,1475.0,45.0,36.0,中原網頁
b797513163aeee4fa14f44ca06b8652c,01/11/2024,薄扶林,置富花園,富逸苑(H-6座),low,B,20000,588.0,694.0,34.0,29.0,中原網頁
3c3a5b0aa8ed8cc03563e1cea313c311,01/11/2024,海怡,海怡半島,御林居(33座),middle,E,25000,634.0,816.0,39.0,31.0,中原網頁
03e40af6c6202e390b410dad14856047,01/11/2024,海怡,海怡半島,美康閣(19座),low,H,33800,871.0,1078.0,39.0,31.0,中原網頁
4de4bad4a38ce1d2e4aa8a69142a3abb,01/11/2024,玉桂山灣畔,深灣軒,2座,middle,A,19500,483.0,643.0,40.0,30.0,中原網頁
f45aa141c5f3bd6d05c97f3c4996946b,01/11/2024,玉桂山灣畔,深灣軒,1座,low,B,19500,480.0,628.0,41.0,31.0,中原網頁
63872c59beac808add41914c2d044f1f,01/11/2024,上環,聚賢居,2座,middle,B,28000,400.0,540.0,70.0,52.0,中原網頁
dfd07a1da85771d2d9d08cf98b54fb0a,01/11/2024,深灣,深灣9號,2座,low,C,57000,939.0,1166.0,61.0,49.0,中原網頁
c4065db9c2111faf147abc53e1333f0b,01/11/2024,中半山,曉峰閣,3座,low,D,30000,646.0,821.0,46.0,37.0,中原網頁
ce50be8ca5d29b1d9e85b8d9e23fe29f,01/11/2024,西半山,龍騰閣,龍騰閣,low,B,48000,1024.0,1361.0,47.0,35.0,中原網頁
033f4a3734fbf3034e9456a0a9a23cf6,01/11/2024,西灣河,港島．東18,港島．東18,middle,D,16800,356.0,494.0,47.0,34.0,中原網頁
2dbf6bc22cc570c700252cbe5167ae12,01/11/2024,小西灣,藍灣半島,3座,low,A,25500,596.0,856.0,43.0,30.0,中原網頁
d4569fea17f8a935f8faead077993f58,01/11/2024,太古城,太古城,天山閣(7座),middle,D,22000,582.0,675.0,38.0,33.0,中原網頁
c6a4271a5d811bba53acb54b2a15d69e,01/11/2024,銅鑼灣,維景花園,B座,middle,1,22800,523.0,620.0,44.0,37.0,中原網頁
6a0c4855573506e816a1a45aad3218ed,01/11/2024,北角,港運城,1座,low,A,32000,775.0,974.0,41.0,33.0,中原網頁
83c547b59d060020a860c84101dbb0fc,01/11/2024,灣仔,尚翹峰,2座,low,C,30000,610.0,808.0,49.0,37.0,中原網頁
6154424e64a3356f4b97b67e7b6f0cef,01/11/2024,灣仔,星域軒,1座,middle,F,58000,898.0,1130.0,65.0,51.0,中原網頁
8a52767aec9276c52ab17c2b869da65c,01/11/2024,灣仔,尚翹峰,1座,low,B,25000,475.0,628.0,53.0,40.0,中原網頁
a338546be6b19f819c683830e5aeeacf,01/11/2024,青衣,青泰苑,恆泰閣(C座),low,6,14500,401.0,516.0,36.0,28.0,利嘉閣網頁
b9a9e42c7dc2ed285f794ac78812757d,01/11/2024,灣仔,嘉薈軒,嘉薈軒,low,7,30000,591.0,814.0,51.0,37.0,中原網頁
3b783e9d3774a00970ae051cbd20d90f,01/11/2024,中半山,金鑾閣,金鑾閣,middle,C,50000,971.0,1260.0,51.0,40.0,中原網頁
bb2f6b91fc8180d0e2d4cd7e951c14f5,01/11/2024,康怡,康山花園,3座,middle,E,18000,431.0,521.0,42.0,35.0,中原網頁
cafc5681593a7aa020b3aacaeabf8086,01/11/2024,康怡,康山花園,2座,low,H,18600,431.0,521.0,43.0,36.0,中原網頁
e9726a820f40b43f3ff1996818e0c776,01/11/2024,西半山,慧豪閣,2座,low,F,31000,636.0,824.0,49.0,38.0,中原網頁
2bfc5284273b681791634d1ee12b4ef5,01/11/2024,銅鑼灣,海威大廈,海威大廈,low,C,32000,932.0,1200.0,34.0,27.0,中原網頁
60392424b44be59dbb5ff260f4c33de3,01/11/2024,太古城,太古城,漢宮閣(24座),low,E,26000,702.0,800.0,37.0,33.0,中原網頁
bd269e6083829f3f7823e64a9d01e2c7,01/11/2024,太古城,太古城,富天閣(57座),middle,D,30000,760.0,876.0,39.0,34.0,中原網頁
28845c6e824148ae158608f303de14cc,01/11/2024,屯門碼頭,慧豐園,5座,middle,B,16000,646.0,865.0,25.0,18.0,中原網頁
e042ec458ffced3a8c043c67550d6f66,01/11/2024,屯門碼頭,邁亞美海灣,2座,middle,G,12700,450.0,580.0,28.0,22.0,中原網頁
7eeb42c6cdd8b437b67f0f7a8834b303,01/11/2024,石塘咀,曉山閣,曉山閣,low,C,16000,299.0,421.0,54.0,38.0,中原網頁
7d0f9bfdac00608df72ab6a17afdfd04,01/11/2024,深灣,金寶花園,1座,low,A,15000,358.0,492.0,42.0,30.0,中原網頁
2c450cdc74ad959e8e6506b7078e431d,01/11/2024,銅鑼灣,伊利莎伯大廈,C座,low,C7,22000,614.0,705.0,36.0,31.0,中原網頁
bab7b4b59e36acdc22f2cae08e6c2358,31/10/2024,大角咀,港灣豪庭,10座,middle,C,17500,413.0,584.0,43.0,30.0,美聯網頁
8f698b0890f4590fe64bc91c2fee4cb5,31/10/2024,大角咀,港灣豪庭,02座,middle,E,16500,344.0,504.0,48.0,33.0,美聯網頁
8e349f6d73e20fb0b1e53c0908fe86fb,31/10/2024,海逸,海逸豪園,07座,low,H,21000,541.0,682.0,39.0,31.0,美聯網頁
